Dataset,#TrainingReleases,%TrainingData,%DefectiveTraining,%DefectiveTesting,Classifier,FeatureSelection,Balancing,Sensitivity,TP,FP,TN,FN,Precision,Recall,AUC,Kappa,F1score,NPofB20,Cost
Apache Storm,3,4.4181595,0.5905512,23.573574,NaiveBayes,None,None,None,25,12,497,132,0.6756757,0.15923567,0.51838875,0.1843927,0.25773194,0.3248407643312102,1332
Apache Storm,3,4.4181595,0.5905512,23.573574,NaiveBayes,None,None,Learning,39,31,478,118,0.55714285,0.24840765,0.51838875,0.23194687,0.34361234,0.31210191082802546,1211
Apache Storm,3,4.4181595,0.5905512,23.573574,NaiveBayes,BestFirstBackward,None,None,0,0,509,157,NaN,0.0,0.6849887,0.0,NaN,0.3248407643312102,1570
Apache Storm,3,4.4181595,0.5905512,23.573574,NaiveBayes,BestFirstBackward,None,Learning,0,0,509,157,NaN,0.0,0.6849887,0.0,NaN,0.3248407643312102,1570
Apache Storm,3,4.4181595,0.5905512,23.573574,NaiveBayes,BestFirstBackward,Undersampling,None,49,12,497,108,0.8032787,0.3121019,0.6053458,0.3658854,0.44954127,0.3248407643312102,1092
Apache Storm,3,4.4181595,0.5905512,23.573574,NaiveBayes,BestFirstBackward,SMOTE,None,146,507,2,11,0.22358346,0.9299363,0.7006682,-0.03160715,0.36049384,0.3248407643312102,617
Apache Storm,3,4.4181595,0.5905512,23.573574,NaiveBayes,None,Undersampling,None,150,162,347,7,0.48076922,0.955414,0.8562812,0.4749937,0.63965887,0.5796178343949044,232
Apache Storm,3,4.4181595,0.5905512,23.573574,NaiveBayes,None,SMOTE,None,55,59,450,102,0.48245615,0.35031846,0.4895386,0.25892597,0.40590405,0.2611464968152866,1079
Apache Storm,3,4.4181595,0.5905512,23.573574,RandomForest,None,None,None,0,0,509,157,NaN,0.0,0.52635366,0.0,NaN,0.19745222929936307,1570
Apache Storm,3,4.4181595,0.5905512,23.573574,RandomForest,None,None,Learning,0,2,507,157,0.0,0.0,0.5566929,-0.005965839,0.0,0.19745222929936307,1572
Apache Storm,3,4.4181595,0.5905512,23.573574,RandomForest,BestFirstBackward,None,None,1,0,509,156,1.0,0.006369427,0.5221741,0.009703185,0.012658228,0.25477707006369427,1560
Apache Storm,3,4.4181595,0.5905512,23.573574,RandomForest,BestFirstBackward,None,Learning,2,3,506,155,0.4,0.012738854,0.54256505,0.010289498,0.024691358,0.21656050955414013,1553
Apache Storm,3,4.4181595,0.5905512,23.573574,RandomForest,BestFirstBackward,Undersampling,None,89,292,217,68,0.2335958,0.566879,0.5831279,-0.0045501394,0.330855,0.25477707006369427,972
Apache Storm,3,4.4181595,0.5905512,23.573574,RandomForest,BestFirstBackward,SMOTE,None,28,3,506,129,0.9032258,0.17834395,0.7254014,0.23868577,0.29787233,0.29936305732484075,1293
Apache Storm,3,4.4181595,0.5905512,23.573574,RandomForest,None,Undersampling,None,147,207,302,10,0.41525424,0.93630576,0.8363533,0.36936772,0.5753425,0.5159235668789809,307
Apache Storm,3,4.4181595,0.5905512,23.573574,RandomForest,None,SMOTE,None,12,8,501,145,0.6,0.07643312,0.7032773,0.086951844,0.13559322,0.5031847133757962,1458
Apache Storm,3,4.4181595,0.5905512,23.573574,IBk,None,None,None,0,6,503,157,0.0,0.0,0.7166919,-0.017661287,0.0,0.4140127388535032,1576
Apache Storm,3,4.4181595,0.5905512,23.573574,IBk,None,None,Learning,0,6,503,157,0.0,0.0,0.7166919,-0.017661287,0.0,0.4140127388535032,1576
Apache Storm,3,4.4181595,0.5905512,23.573574,IBk,BestFirstBackward,None,None,1,0,509,156,1.0,0.006369427,0.7758187,0.009703185,0.012658228,0.3248407643312102,1560
Apache Storm,3,4.4181595,0.5905512,23.573574,IBk,BestFirstBackward,None,Learning,2,3,506,155,0.4,0.012738854,0.7758187,0.010289498,0.024691358,0.3248407643312102,1553
Apache Storm,3,4.4181595,0.5905512,23.573574,IBk,BestFirstBackward,Undersampling,None,89,292,217,68,0.2335958,0.566879,0.49660257,-0.0045501394,0.330855,0.2611464968152866,972
Apache Storm,3,4.4181595,0.5905512,23.573574,IBk,BestFirstBackward,SMOTE,None,28,3,506,129,0.9032258,0.17834395,0.7953462,0.23868577,0.29787233,0.34394904458598724,1293
Apache Storm,3,4.4181595,0.5905512,23.573574,IBk,None,Undersampling,None,153,212,297,4,0.41917807,0.9745223,0.7790097,0.38270354,0.5862069,0.5031847133757962,252
Apache Storm,3,4.4181595,0.5905512,23.573574,IBk,None,SMOTE,None,52,134,375,105,0.2795699,0.3312102,0.6828551,0.06386958,0.303207,0.3630573248407643,1184
Apache Storm,4,7.3143153,8.620689,18.331053,NaiveBayes,None,None,None,76,529,68,58,0.12561983,0.5671642,0.15411635,-0.13497007,0.20568335,0.3582089552238806,1109
Apache Storm,4,7.3143153,8.620689,18.331053,NaiveBayes,None,None,Learning,70,508,89,64,0.121107265,0.52238804,0.15411635,-0.1437872,0.19662921,0.3283582089552239,1148
Apache Storm,4,7.3143153,8.620689,18.331053,NaiveBayes,BestFirstBackward,None,None,54,44,90,543,0.5510204,0.09045226,0.15094753,-0.09734217,0.15539569,0.5895522388059702,5474
Apache Storm,4,7.3143153,8.620689,18.331053,NaiveBayes,BestFirstBackward,None,Learning,114,115,19,483,0.4978166,0.19095477,0.15094753,-0.323137,0.27602905,0.664179104477612,4945
Apache Storm,4,7.3143153,8.620689,18.331053,NaiveBayes,BestFirstBackward,Undersampling,None,120,55,79,477,0.6857143,0.20100503,0.16011651,-0.0942929,0.31088084,0.6343283582089553,4825
Apache Storm,4,7.3143153,8.620689,18.331053,NaiveBayes,BestFirstBackward,SMOTE,None,121,116,18,476,0.51054853,0.20268007,0.16092277,-0.32471317,0.29016787,0.6791044776119403,4876
Apache Storm,4,7.3143153,8.620689,18.331053,NaiveBayes,None,Undersampling,None,88,538,59,46,0.14057508,0.6567164,0.15584764,-0.10085819,0.23157895,0.3880597014925373,998
Apache Storm,4,7.3143153,8.620689,18.331053,NaiveBayes,None,SMOTE,None,56,490,107,78,0.102564104,0.41791046,0.15865396,-0.18376517,0.16470589,0.29850746268656714,1270
Apache Storm,4,7.3143153,8.620689,18.331053,RandomForest,None,None,None,133,593,4,1,0.18319559,0.9925373,0.19960499,-2.810464E-4,0.30930233,0.39552238805970147,603
Apache Storm,4,7.3143153,8.620689,18.331053,RandomForest,None,None,Learning,130,575,22,4,0.18439716,0.9701493,0.1963299,0.0026392126,0.30989274,0.3805970149253731,615
Apache Storm,4,7.3143153,8.620689,18.331053,RandomForest,BestFirstBackward,None,None,1,1,133,596,0.5,0.0016750419,0.4370109,-0.0021263843,0.003338898,0.4701492537313433,5961
Apache Storm,4,7.3143153,8.620689,18.331053,RandomForest,BestFirstBackward,None,Learning,2,1,133,595,0.6666667,0.0033500837,0.77703816,-0.0015125811,0.006666667,0.31343283582089554,5951
Apache Storm,4,7.3143153,8.620689,18.331053,RandomForest,BestFirstBackward,Undersampling,None,1,1,133,596,0.5,0.0016750419,0.18212955,-0.0021263843,0.003338898,0.5074626865671642,5961
Apache Storm,4,7.3143153,8.620689,18.331053,RandomForest,BestFirstBackward,SMOTE,None,2,1,133,595,0.6666667,0.0033500837,0.44872996,-0.0015125811,0.006666667,0.4626865671641791,5951
Apache Storm,4,7.3143153,8.620689,18.331053,RandomForest,None,Undersampling,None,55,431,166,79,0.113168724,0.41044775,0.21942423,-0.15431058,0.17741935,0.3582089552238806,1221
Apache Storm,4,7.3143153,8.620689,18.331053,RandomForest,None,SMOTE,None,80,496,101,54,0.1388889,0.5970149,0.18887973,-0.10258829,0.22535211,0.3880597014925373,1036
Apache Storm,4,7.3143153,8.620689,18.331053,IBk,None,None,None,129,573,24,5,0.18376069,0.96268654,0.19867371,0.0010922502,0.30861244,0.40298507462686567,623
Apache Storm,4,7.3143153,8.620689,18.331053,IBk,None,None,Learning,129,573,24,5,0.18376069,0.96268654,0.19867371,0.0010922502,0.30861244,0.40298507462686567,623
Apache Storm,4,7.3143153,8.620689,18.331053,IBk,BestFirstBackward,None,None,1,1,133,596,0.5,0.0016750419,0.80889523,-0.0021263843,0.003338898,0.05223880597014925,5961
Apache Storm,4,7.3143153,8.620689,18.331053,IBk,BestFirstBackward,None,Learning,2,1,133,595,0.6666667,0.0033500837,0.80889523,-0.0015125811,0.006666667,0.05223880597014925,5951
Apache Storm,4,7.3143153,8.620689,18.331053,IBk,BestFirstBackward,Undersampling,None,42,14,120,555,0.75,0.07035176,0.81898296,-0.013301533,0.12863706,0.08208955223880597,5564
Apache Storm,4,7.3143153,8.620689,18.331053,IBk,BestFirstBackward,SMOTE,None,3,1,133,594,0.75,0.0050251256,0.8091765,-8.974698E-4,0.009983361,0.05223880597014925,5941
Apache Storm,4,7.3143153,8.620689,18.331053,IBk,None,Undersampling,None,78,470,127,56,0.14233577,0.58208954,0.28441337,-0.09334675,0.22873901,0.373134328358209,1030
Apache Storm,4,7.3143153,8.620689,18.331053,IBk,None,SMOTE,None,120,547,50,14,0.17991005,0.8955224,0.2099615,-0.008151927,0.29962546,0.417910447761194,687
Apache Storm,5,10.493129,9.863241,23.349634,NaiveBayes,None,None,None,168,617,10,23,0.21401274,0.87958115,0.33002663,-0.050194785,0.3442623,0.46596858638743455,847
Apache Storm,5,10.493129,9.863241,23.349634,NaiveBayes,None,None,Learning,161,612,15,30,0.20827943,0.8429319,0.33002663,-0.064650714,0.3340249,0.45549738219895286,912
Apache Storm,5,10.493129,9.863241,23.349634,NaiveBayes,BestFirstBackward,None,None,4,15,176,623,0.21052632,0.0063795852,0.2598011,-0.034248773,0.012383901,0.34554973821989526,6245
Apache Storm,5,10.493129,9.863241,23.349634,NaiveBayes,BestFirstBackward,None,Learning,13,25,166,614,0.34210527,0.020733653,0.2598011,-0.053159468,0.039097745,0.47643979057591623,6165
Apache Storm,5,10.493129,9.863241,23.349634,NaiveBayes,BestFirstBackward,Undersampling,None,34,27,164,593,0.55737704,0.054226477,0.29637516,-0.04291678,0.09883721,0.17801047120418848,5957
Apache Storm,5,10.493129,9.863241,23.349634,NaiveBayes,BestFirstBackward,SMOTE,None,14,30,161,613,0.3181818,0.022328548,0.2623521,-0.06536737,0.041728765,0.4869109947643979,6160
Apache Storm,5,10.493129,9.863241,23.349634,NaiveBayes,None,Undersampling,None,162,602,25,29,0.21204188,0.84816754,0.3545346,-0.05480012,0.33926702,0.4712041884816754,892
Apache Storm,5,10.493129,9.863241,23.349634,NaiveBayes,None,SMOTE,None,140,594,33,51,0.1907357,0.7329843,0.32564694,-0.1078146,0.3027027,0.41361256544502617,1104
Apache Storm,5,10.493129,9.863241,23.349634,RandomForest,None,None,None,186,626,1,5,0.22906403,0.973822,0.38115934,-0.011538989,0.37088734,0.4712041884816754,676
Apache Storm,5,10.493129,9.863241,23.349634,RandomForest,None,None,Learning,185,614,13,6,0.23153943,0.9685864,0.3623838,-0.005069342,0.37373737,0.4869109947643979,674
Apache Storm,5,10.493129,9.863241,23.349634,RandomForest,BestFirstBackward,None,None,4,6,185,623,0.4,0.0063795852,0.43328157,-0.011790941,0.01255887,0.23036649214659685,6236
Apache Storm,5,10.493129,9.863241,23.349634,RandomForest,BestFirstBackward,None,Learning,14,7,184,613,0.6666667,0.022328548,0.42024267,-0.0068092034,0.043209877,0.2356020942408377,6137
Apache Storm,5,10.493129,9.863241,23.349634,RandomForest,BestFirstBackward,Undersampling,None,41,14,177,586,0.74545455,0.06539075,0.36750254,-0.0038739552,0.1202346,0.2617801047120419,5874
Apache Storm,5,10.493129,9.863241,23.349634,RandomForest,BestFirstBackward,SMOTE,None,46,60,131,581,0.43396226,0.073365234,0.2509582,-0.1235734,0.1255116,0.46596858638743455,5870
Apache Storm,5,10.493129,9.863241,23.349634,RandomForest,None,Undersampling,None,164,556,71,27,0.22777778,0.85863876,0.364939,-0.014327099,0.3600439,0.5026178010471204,826
Apache Storm,5,10.493129,9.863241,23.349634,RandomForest,None,SMOTE,None,133,586,41,58,0.18497914,0.6963351,0.23019949,-0.12149739,0.2923077,0.43455497382198954,1166
Apache Storm,5,10.493129,9.863241,23.349634,IBk,None,None,None,185,621,6,6,0.22952853,0.9685864,0.26363385,-0.010306233,0.37111333,0.4712041884816754,681
Apache Storm,5,10.493129,9.863241,23.349634,IBk,None,None,Learning,184,615,12,7,0.23028786,0.9633508,0.26363385,-0.008311501,0.37171718,0.47643979057591623,685
Apache Storm,5,10.493129,9.863241,23.349634,IBk,BestFirstBackward,None,None,2,5,186,625,0.2857143,0.0031897926,0.25940445,-0.010799593,0.0063091484,0.5445026178010471,6255
Apache Storm,5,10.493129,9.863241,23.349634,IBk,BestFirstBackward,None,Learning,8,6,185,619,0.5714286,0.0127591705,0.25940445,-0.0088164145,0.024960998,0.5445026178010471,6196
Apache Storm,5,10.493129,9.863241,23.349634,IBk,BestFirstBackward,Undersampling,None,35,14,177,592,0.71428573,0.05582137,0.38980603,-0.008516404,0.10355029,0.18848167539267016,5934
Apache Storm,5,10.493129,9.863241,23.349634,IBk,BestFirstBackward,SMOTE,None,132,131,60,495,0.50190115,0.21052632,0.22287215,-0.2858987,0.29662922,0.5759162303664922,5081
Apache Storm,5,10.493129,9.863241,23.349634,IBk,None,Undersampling,None,167,531,96,24,0.23925501,0.87434554,0.3973296,0.014278084,0.37570304,0.5078534031413613,771
Apache Storm,5,10.493129,9.863241,23.349634,IBk,None,SMOTE,None,91,559,68,100,0.14,0.4764398,0.21030086,-0.2261497,0.21640904,0.2931937172774869,1559
Apache Storm,6,14.05027,9.006499,91.35135,NaiveBayes,None,None,None,147,11,69,698,0.93037975,0.1739645,0.4833358,0.007461162,0.29312065,0.1621301775147929,6991
Apache Storm,6,14.05027,9.006499,91.35135,NaiveBayes,None,None,Learning,181,14,66,664,0.92820513,0.21420118,0.4833358,0.008380109,0.3480769,0.20946745562130178,6654
Apache Storm,6,14.05027,9.006499,91.35135,NaiveBayes,BestFirstBackward,None,None,142,11,69,703,0.9281046,0.16804734,0.340037,0.006214451,0.28456914,0.22840236686390533,7041
Apache Storm,6,14.05027,9.006499,91.35135,NaiveBayes,BestFirstBackward,None,Learning,272,49,31,573,0.847352,0.32189348,0.340037,-0.073294036,0.46655232,0.3881656804733728,5779
Apache Storm,6,14.05027,9.006499,91.35135,NaiveBayes,BestFirstBackward,Undersampling,None,188,13,67,657,0.93532336,0.22248521,0.34620562,0.012916892,0.35946462,0.21301775147928995,6583
Apache Storm,6,14.05027,9.006499,91.35135,NaiveBayes,BestFirstBackward,SMOTE,None,271,49,31,574,0.846875,0.32071006,0.32829142,-0.07348763,0.46523604,0.47218934911242605,5789
Apache Storm,6,14.05027,9.006499,91.35135,NaiveBayes,None,Undersampling,None,120,6,74,725,0.95238096,0.14201184,0.4821154,0.013221742,0.24716787,0.14319526627218934,7256
Apache Storm,6,14.05027,9.006499,91.35135,NaiveBayes,None,SMOTE,None,249,29,51,596,0.89568347,0.29467455,0.47701183,-0.016117267,0.44345504,0.24378698224852072,5989
Apache Storm,6,14.05027,9.006499,91.35135,RandomForest,None,None,None,138,8,72,707,0.94520545,0.16331361,0.3264423,0.012777359,0.27850655,0.25443786982248523,7078
Apache Storm,6,14.05027,9.006499,91.35135,RandomForest,None,None,Learning,149,13,67,696,0.9197531,0.17633136,0.322463,0.0028432633,0.2959285,0.2923076923076923,6973
Apache Storm,6,14.05027,9.006499,91.35135,RandomForest,BestFirstBackward,None,None,183,15,65,662,0.92424244,0.21656805,0.34492603,0.0062365606,0.35091084,0.24497041420118343,6635
Apache Storm,6,14.05027,9.006499,91.35135,RandomForest,BestFirstBackward,None,Learning,222,33,47,623,0.87058824,0.2627219,0.32276627,-0.03452391,0.40363637,0.2698224852071006,6263
Apache Storm,6,14.05027,9.006499,91.35135,RandomForest,BestFirstBackward,Undersampling,None,298,59,21,547,0.8347339,0.3526627,0.32028845,-0.10231653,0.49584025,0.3207100591715976,5529
Apache Storm,6,14.05027,9.006499,91.35135,RandomForest,BestFirstBackward,SMOTE,None,276,54,26,569,0.8363636,0.32662722,0.32364646,-0.08900647,0.46978724,0.27218934911242604,5744
Apache Storm,6,14.05027,9.006499,91.35135,RandomForest,None,Undersampling,None,297,54,26,548,0.84615386,0.3514793,0.344571,-0.08524488,0.49665552,0.3242603550295858,5534
Apache Storm,6,14.05027,9.006499,91.35135,RandomForest,None,SMOTE,None,242,46,34,603,0.8402778,0.28639054,0.3110577,-0.06951657,0.42718446,0.28875739644970416,6076
Apache Storm,6,14.05027,9.006499,91.35135,IBk,None,None,None,268,49,31,577,0.84542584,0.31715977,0.2989423,-0.07406514,0.46127367,0.24970414201183433,5819
Apache Storm,6,14.05027,9.006499,91.35135,IBk,None,None,Learning,273,49,31,572,0.84782606,0.32307693,0.2989423,-0.07309988,0.46786633,0.26745562130177514,5769
Apache Storm,6,14.05027,9.006499,91.35135,IBk,BestFirstBackward,None,None,230,40,40,615,0.8518519,0.27218935,0.30784762,-0.05355823,0.41255605,0.22485207100591717,6190
Apache Storm,6,14.05027,9.006499,91.35135,IBk,BestFirstBackward,None,Learning,235,40,40,610,0.8545455,0.2781065,0.30784762,-0.052516412,0.41964287,0.24260355029585798,6140
Apache Storm,6,14.05027,9.006499,91.35135,IBk,BestFirstBackward,Undersampling,None,289,56,24,556,0.8376812,0.34201184,0.28653106,-0.09349044,0.4857143,0.27455621301775146,5616
Apache Storm,6,14.05027,9.006499,91.35135,IBk,BestFirstBackward,SMOTE,None,335,68,12,510,0.8312655,0.3964497,0.27194527,-0.1295502,0.536859,0.3005917159763314,5168
Apache Storm,6,14.05027,9.006499,91.35135,IBk,None,Undersampling,None,377,69,11,468,0.8452915,0.44615385,0.27809173,-0.12780547,0.5840434,0.3301775147928994,4749
Apache Storm,6,14.05027,9.006499,91.35135,IBk,None,SMOTE,None,343,65,15,502,0.84068626,0.40591717,0.28576183,-0.117080756,0.547486,0.3076923076923077,5085
Apache Storm,7,18.072708,16.843119,13.314646,NaiveBayes,None,None,None,117,1109,128,73,0.095432304,0.6157895,0.3302855,-0.08487656,0.16525424,0.28421052631578947,1839
Apache Storm,7,18.072708,16.843119,13.314646,NaiveBayes,None,None,Learning,105,1066,171,85,0.08966695,0.55263156,0.33027485,-0.09705664,0.1542983,0.2894736842105263,1916
Apache Storm,7,18.072708,16.843119,13.314646,NaiveBayes,BestFirstBackward,None,None,68,20,170,1169,0.77272725,0.054971706,0.46997193,-0.014129773,0.10264151,0.26842105263157895,11710
Apache Storm,7,18.072708,16.843119,13.314646,NaiveBayes,BestFirstBackward,None,Learning,886,118,72,351,0.88247013,0.716249,0.46997193,0.062671304,0.79071844,0.2789473684210526,3628
Apache Storm,7,18.072708,16.843119,13.314646,NaiveBayes,BestFirstBackward,Undersampling,None,178,67,123,1059,0.7265306,0.14389652,0.42355868,-0.065035485,0.24021593,0.25263157894736843,10657
Apache Storm,7,18.072708,16.843119,13.314646,NaiveBayes,BestFirstBackward,SMOTE,None,205,54,136,1032,0.7915058,0.16572352,0.48459345,-0.037279136,0.27406418,0.2736842105263158,10374
Apache Storm,7,18.072708,16.843119,13.314646,NaiveBayes,None,Undersampling,None,94,1038,199,96,0.08303887,0.49473685,0.3158129,-0.111158565,0.14220877,0.28421052631578947,1998
Apache Storm,7,18.072708,16.843119,13.314646,NaiveBayes,None,SMOTE,None,104,1052,185,86,0.089965396,0.5473684,0.33658043,-0.096164465,0.15453194,0.2894736842105263,1912
Apache Storm,7,18.072708,16.843119,13.314646,RandomForest,None,None,None,56,428,809,134,0.11570248,0.29473683,0.47483087,-0.03097658,0.1661721,0.3,1768
Apache Storm,7,18.072708,16.843119,13.314646,RandomForest,None,None,Learning,101,661,576,89,0.13254593,0.53157896,0.42820704,-0.0012217666,0.21218488,0.29473684210526313,1551
Apache Storm,7,18.072708,16.843119,13.314646,RandomForest,BestFirstBackward,None,None,1026,159,31,211,0.8658228,0.82942605,0.40673956,-0.0066462792,0.8472337,0.3105263157894737,2269
Apache Storm,7,18.072708,16.843119,13.314646,RandomForest,BestFirstBackward,None,Learning,1056,163,27,181,0.86628383,0.8536782,0.4361039,-0.004053949,0.85993487,0.28421052631578947,1973
Apache Storm,7,18.072708,16.843119,13.314646,RandomForest,BestFirstBackward,Undersampling,None,1070,171,19,167,0.8622079,0.86499596,0.38181722,-0.035318714,0.86359966,0.2894736842105263,1841
Apache Storm,7,18.072708,16.843119,13.314646,RandomForest,BestFirstBackward,SMOTE,None,1099,170,20,138,0.86603624,0.8884398,0.3604242,-0.0067803445,0.877095,0.28421052631578947,1550
Apache Storm,7,18.072708,16.843119,13.314646,RandomForest,None,Undersampling,None,53,243,994,137,0.17905405,0.27894738,0.49982342,0.0667456,0.218107,0.29473684210526313,1613
Apache Storm,7,18.072708,16.843119,13.314646,RandomForest,None,SMOTE,None,50,314,923,140,0.13736264,0.2631579,0.48905247,0.00671534,0.18050541,0.3,1714
Apache Storm,7,18.072708,16.843119,13.314646,IBk,None,None,None,131,629,608,59,0.17236842,0.6894737,0.56416416,0.07974317,0.27578947,0.30526315789473685,1219
Apache Storm,7,18.072708,16.843119,13.314646,IBk,None,None,Learning,131,627,610,59,0.17282322,0.6894737,0.56416416,0.08061378,0.2763713,0.30526315789473685,1217
Apache Storm,7,18.072708,16.843119,13.314646,IBk,BestFirstBackward,None,None,117,18,172,1120,0.8666667,0.09458367,0.33082587,-4.433896E-5,0.17055394,0.3157894736842105,11218
Apache Storm,7,18.072708,16.843119,13.314646,IBk,BestFirstBackward,None,Learning,142,19,171,1095,0.8819876,0.11479386,0.33082587,0.004355418,0.20314735,0.3157894736842105,10969
Apache Storm,7,18.072708,16.843119,13.314646,IBk,BestFirstBackward,Undersampling,None,268,70,120,969,0.7928994,0.2166532,0.35966897,-0.050548673,0.34031746,0.20526315789473684,9760
Apache Storm,7,18.072708,16.843119,13.314646,IBk,BestFirstBackward,SMOTE,None,241,57,133,996,0.8087248,0.19482619,0.32130367,-0.034020256,0.3140065,0.30526315789473685,10017
Apache Storm,7,18.072708,16.843119,13.314646,IBk,None,Undersampling,None,83,401,836,107,0.1714876,0.4368421,0.5450708,0.06808522,0.2462908,0.3263157894736842,1471
Apache Storm,7,18.072708,16.843119,13.314646,IBk,None,SMOTE,None,102,453,784,88,0.18378378,0.5368421,0.5731545,0.0941171,0.2738255,0.2894736842105263,1333
Apache Storm,8,24.278135,27.834497,12.867133,NaiveBayes,None,None,None,0,0,1246,184,NaN,0.0,0.31607231,0.0,NaN,0.27717391304347827,1840
Apache Storm,8,24.278135,27.834497,12.867133,NaiveBayes,None,None,Learning,0,0,1246,184,NaN,0.0,0.31607231,0.0,NaN,0.27717391304347827,1840
Apache Storm,8,24.278135,27.834497,12.867133,NaiveBayes,BestFirstBackward,None,None,1246,184,0,0,0.87132865,1.0,0.4736592,0.0,0.9312407,0.27717391304347827,184
Apache Storm,8,24.278135,27.834497,12.867133,NaiveBayes,BestFirstBackward,None,Learning,1246,184,0,0,0.87132865,1.0,0.4736592,0.0,0.9312407,0.27717391304347827,184
Apache Storm,8,24.278135,27.834497,12.867133,NaiveBayes,BestFirstBackward,Undersampling,None,1246,184,0,0,0.87132865,1.0,0.47366354,0.0,0.9312407,0.27717391304347827,184
Apache Storm,8,24.278135,27.834497,12.867133,NaiveBayes,BestFirstBackward,SMOTE,None,1246,184,0,0,0.87132865,1.0,0.4683509,0.0,0.9312407,0.27717391304347827,184
Apache Storm,8,24.278135,27.834497,12.867133,NaiveBayes,None,Undersampling,None,0,0,1246,184,NaN,0.0,0.2559342,0.0,NaN,0.27717391304347827,1840
Apache Storm,8,24.278135,27.834497,12.867133,NaiveBayes,None,SMOTE,None,0,0,1246,184,NaN,0.0,0.21693331,0.0,NaN,0.27717391304347827,1840
Apache Storm,8,24.278135,27.834497,12.867133,RandomForest,None,None,None,129,1137,109,55,0.101895735,0.70108694,0.44903693,-0.060305595,0.17793104,0.29347826086956524,1687
Apache Storm,8,24.278135,27.834497,12.867133,RandomForest,None,None,Learning,24,69,1177,160,0.2580645,0.13043478,0.48583075,0.095101774,0.1732852,0.30434782608695654,1669
Apache Storm,8,24.278135,27.834497,12.867133,RandomForest,BestFirstBackward,None,None,4,6,178,1242,0.4,0.0032102729,0.46490073,-0.0076108314,0.006369427,0.29347826086956524,12426
Apache Storm,8,24.278135,27.834497,12.867133,RandomForest,BestFirstBackward,None,Learning,1224,179,5,22,0.87241626,0.9823435,0.48081252,0.014955756,0.92412233,0.29891304347826086,399
Apache Storm,8,24.278135,27.834497,12.867133,RandomForest,BestFirstBackward,Undersampling,None,5,11,173,1241,0.3125,0.0040128413,0.48990247,-0.014490126,0.00792393,0.29891304347826086,12421
Apache Storm,8,24.278135,27.834497,12.867133,RandomForest,BestFirstBackward,SMOTE,None,5,13,171,1241,0.2777778,0.0040128413,0.47937313,-0.017335124,0.0079113925,0.29891304347826086,12423
Apache Storm,8,24.278135,27.834497,12.867133,RandomForest,None,Undersampling,None,76,653,593,108,0.1042524,0.41304347,0.42806983,-0.049080417,0.16648412,0.2717391304347826,1733
Apache Storm,8,24.278135,27.834497,12.867133,RandomForest,None,SMOTE,None,96,795,451,88,0.107744105,0.5217391,0.45980835,-0.04409598,0.17860465,0.29347826086956524,1675
Apache Storm,8,24.278135,27.834497,12.867133,IBk,None,None,None,124,1113,133,60,0.100242525,0.67391306,0.4980939,-0.063784316,0.17452498,0.2826086956521739,1713
Apache Storm,8,24.278135,27.834497,12.867133,IBk,None,None,Learning,59,109,1137,125,0.35119048,0.3206522,0.5004558,0.2421456,0.33522728,0.33152173913043476,1359
Apache Storm,8,24.278135,27.834497,12.867133,IBk,BestFirstBackward,None,None,0,3,181,1246,0.0,0.0,0.49230582,-0.00420332,0.0,0.2826086956521739,12463
Apache Storm,8,24.278135,27.834497,12.867133,IBk,BestFirstBackward,None,Learning,1218,173,11,28,0.87562907,0.9775281,0.49230582,0.056176897,0.92377704,0.2826086956521739,453
Apache Storm,8,24.278135,27.834497,12.867133,IBk,BestFirstBackward,Undersampling,None,1,12,172,1245,0.07692308,8.025682E-4,0.4815671,-0.016706128,0.0015885624,0.2826086956521739,12462
Apache Storm,8,24.278135,27.834497,12.867133,IBk,BestFirstBackward,SMOTE,None,7,14,170,1239,0.33333334,0.0056179776,0.4754519,-0.018364538,0.011049724,0.29347826086956524,12404
Apache Storm,8,24.278135,27.834497,12.867133,IBk,None,Undersampling,None,70,526,720,114,0.11744966,0.38043478,0.45548582,-0.021346498,0.17948718,0.29347826086956524,1666
Apache Storm,8,24.278135,27.834497,12.867133,IBk,None,SMOTE,None,95,736,510,89,0.1143201,0.5163044,0.48741844,-0.029771954,0.18719211,0.27717391304347827,1626
Apache Storm,9,30.496609,22.344217,13.146853,NaiveBayes,None,None,None,1,0,1242,187,1.0,0.005319149,0.24371724,0.009203614,0.01058201,0.2712765957446808,1870
Apache Storm,9,30.496609,22.344217,13.146853,NaiveBayes,None,None,Learning,1,0,1242,187,1.0,0.005319149,0.24371724,0.009203614,0.01058201,0.2712765957446808,1870
Apache Storm,9,30.496609,22.344217,13.146853,NaiveBayes,BestFirstBackward,None,None,1242,188,0,0,0.86853147,1.0,0.4867021,0.0,0.9296407,0.2765957446808511,188
Apache Storm,9,30.496609,22.344217,13.146853,NaiveBayes,BestFirstBackward,None,Learning,1242,188,0,0,0.86853147,1.0,0.4867021,0.0,0.9296407,0.2765957446808511,188
Apache Storm,9,30.496609,22.344217,13.146853,NaiveBayes,BestFirstBackward,Undersampling,None,1242,188,0,0,0.86853147,1.0,0.4867021,0.0,0.9296407,0.2765957446808511,188
Apache Storm,9,30.496609,22.344217,13.146853,NaiveBayes,BestFirstBackward,SMOTE,None,1242,188,0,0,0.86853147,1.0,0.48138297,0.0,0.9296407,0.2765957446808511,188
Apache Storm,9,30.496609,22.344217,13.146853,NaiveBayes,None,Undersampling,None,167,1230,12,21,0.119541876,0.88829786,0.35843655,-0.027366107,0.21072555,0.2765957446808511,1440
Apache Storm,9,30.496609,22.344217,13.146853,NaiveBayes,None,SMOTE,None,1,0,1242,187,1.0,0.005319149,0.21738487,0.009203614,0.01058201,0.2712765957446808,1870
Apache Storm,9,30.496609,22.344217,13.146853,RandomForest,None,None,None,183,1238,4,5,0.12878254,0.9734042,0.6249914,-0.006179192,0.22747047,0.2872340425531915,1288
Apache Storm,9,30.496609,22.344217,13.146853,RandomForest,None,None,Learning,89,239,1003,99,0.27134147,0.47340426,0.6479768,0.21350838,0.34496123,0.30319148936170215,1229
Apache Storm,9,30.496609,22.344217,13.146853,RandomForest,BestFirstBackward,None,None,0,0,188,1242,NaN,0.0,0.50797874,0.0,NaN,0.2765957446808511,12420
Apache Storm,9,30.496609,22.344217,13.146853,RandomForest,BestFirstBackward,None,Learning,1242,188,0,0,0.86853147,1.0,0.50797874,0.0,0.9296407,0.2765957446808511,188
Apache Storm,9,30.496609,22.344217,13.146853,RandomForest,BestFirstBackward,Undersampling,None,0,0,188,1242,NaN,0.0,0.50797874,0.0,NaN,0.2765957446808511,12420
Apache Storm,9,30.496609,22.344217,13.146853,RandomForest,BestFirstBackward,SMOTE,None,0,0,188,1242,NaN,0.0,0.49202126,0.0,NaN,0.2765957446808511,12420
Apache Storm,9,30.496609,22.344217,13.146853,RandomForest,None,Undersampling,None,133,1015,227,55,0.11585366,0.7074468,0.55065185,-0.0346679,0.19910179,0.30319148936170215,1565
Apache Storm,9,30.496609,22.344217,13.146853,RandomForest,None,SMOTE,None,173,1153,89,15,0.13046758,0.92021275,0.67834353,-0.0022779044,0.22853369,0.2978723404255319,1303
Apache Storm,9,30.496609,22.344217,13.146853,IBk,None,None,None,181,1232,10,7,0.12809625,0.96276593,0.6795106,-0.0077513647,0.22610869,0.2872340425531915,1302
Apache Storm,9,30.496609,22.344217,13.146853,IBk,None,None,Learning,108,251,991,80,0.30083567,0.5744681,0.68078256,0.26867893,0.39488116,0.2978723404255319,1051
Apache Storm,9,30.496609,22.344217,13.146853,IBk,BestFirstBackward,None,None,0,0,188,1242,NaN,0.0,0.50797874,0.0,NaN,0.2765957446808511,12420
Apache Storm,9,30.496609,22.344217,13.146853,IBk,BestFirstBackward,None,Learning,1242,183,5,0,0.87157893,1.0,0.50797874,0.045310277,0.93138355,0.2765957446808511,183
Apache Storm,9,30.496609,22.344217,13.146853,IBk,BestFirstBackward,Undersampling,None,0,0,188,1242,NaN,0.0,0.50797874,0.0,NaN,0.2765957446808511,12420
Apache Storm,9,30.496609,22.344217,13.146853,IBk,BestFirstBackward,SMOTE,None,0,5,183,1242,0.0,0.0,0.49202126,-0.0070138187,0.0,0.2765957446808511,12425
Apache Storm,9,30.496609,22.344217,13.146853,IBk,None,Undersampling,None,123,900,342,65,0.1202346,0.65425533,0.5694102,-0.024399405,0.2031379,0.30319148936170215,1550
Apache Storm,9,30.496609,22.344217,13.146853,IBk,None,SMOTE,None,173,1151,91,15,0.13066465,0.92021275,0.7055967,-0.0018289576,0.22883599,0.2978723404255319,1301
Apache Storm,10,36.71508,18.559753,18.325644,NaiveBayes,None,None,None,5,0,1239,273,1.0,0.017985612,0.06375674,0.0290483,0.03533569,0.11151079136690648,2730
Apache Storm,10,36.71508,18.559753,18.325644,NaiveBayes,None,None,Learning,2,0,1239,276,1.0,0.007194245,0.06375674,0.011698391,0.014285714,0.11151079136690648,2760
Apache Storm,10,36.71508,18.559753,18.325644,NaiveBayes,BestFirstBackward,None,None,1239,278,0,0,0.81674355,1.0,0.117292605,0.0,0.89912915,0.37050359712230213,278
Apache Storm,10,36.71508,18.559753,18.325644,NaiveBayes,BestFirstBackward,None,Learning,1239,278,0,0,0.81674355,1.0,0.117292605,0.0,0.89912915,0.36330935251798563,278
Apache Storm,10,36.71508,18.559753,18.325644,NaiveBayes,BestFirstBackward,Undersampling,None,1239,278,0,0,0.81674355,1.0,0.122679584,0.0,0.89912915,0.36330935251798563,278
Apache Storm,10,36.71508,18.559753,18.325644,NaiveBayes,BestFirstBackward,SMOTE,None,1239,278,0,0,0.81674355,1.0,0.113795646,0.0,0.89912915,0.36330935251798563,278
Apache Storm,10,36.71508,18.559753,18.325644,NaiveBayes,None,Undersampling,None,234,1236,3,44,0.15918367,0.8417266,0.06814209,-0.058528256,0.26773456,0.3381294964028777,1676
Apache Storm,10,36.71508,18.559753,18.325644,NaiveBayes,None,SMOTE,None,3,0,1239,275,1.0,0.010791367,0.069283076,0.017507872,0.021352313,0.1079136690647482,2750
Apache Storm,10,36.71508,18.559753,18.325644,RandomForest,None,None,None,97,1237,2,181,0.07271364,0.34892085,0.20976971,-0.26260844,0.120347396,0.1618705035971223,3047
Apache Storm,10,36.71508,18.559753,18.325644,RandomForest,None,None,Learning,78,404,835,200,0.16182573,0.28057554,0.26812062,-0.03541531,0.20526315,0.17625899280575538,2404
Apache Storm,10,36.71508,18.559753,18.325644,RandomForest,BestFirstBackward,None,None,0,123,155,1239,0.0,0.0,0.1635602,-0.1730447,0.0,0.5971223021582733,12513
Apache Storm,10,36.71508,18.559753,18.325644,RandomForest,BestFirstBackward,None,Learning,1237,250,28,2,0.8318763,0.9983858,0.21740961,0.15152833,0.90755683,0.46402877697841727,270
Apache Storm,10,36.71508,18.559753,18.325644,RandomForest,BestFirstBackward,Undersampling,None,0,184,94,1239,0.0,0.0,0.18148483,-0.26777562,0.0,0.5323741007194245,12574
Apache Storm,10,36.71508,18.559753,18.325644,RandomForest,BestFirstBackward,SMOTE,None,0,149,129,1239,0.0,0.0,0.26385865,-0.21263967,0.0,0.5,12539
Apache Storm,10,36.71508,18.559753,18.325644,RandomForest,None,Undersampling,None,69,1070,169,209,0.060579456,0.24820144,0.19422282,-0.27958623,0.09738885,0.1366906474820144,3160
Apache Storm,10,36.71508,18.559753,18.325644,RandomForest,None,SMOTE,None,96,1189,50,182,0.07470817,0.34532374,0.24274623,-0.2554589,0.12284069,0.1366906474820144,3009
Apache Storm,10,36.71508,18.559753,18.325644,IBk,None,None,None,162,1236,3,116,0.115879826,0.5827338,0.47334674,-0.1618963,0.19331743,0.2589928057553957,2396
Apache Storm,10,36.71508,18.559753,18.325644,IBk,None,None,Learning,152,406,833,126,0.27240142,0.5467626,0.47346434,0.15754245,0.36363637,0.30935251798561153,1666
Apache Storm,10,36.71508,18.559753,18.325644,IBk,BestFirstBackward,None,None,0,155,123,1239,0.0,0.0,0.21022987,-0.22193934,0.0,0.6079136690647482,12545
Apache Storm,10,36.71508,18.559753,18.325644,IBk,BestFirstBackward,None,Learning,1237,251,27,2,0.8313172,0.9983858,0.21022987,0.1463406,0.90722406,0.4748201438848921,271
Apache Storm,10,36.71508,18.559753,18.325644,IBk,BestFirstBackward,Undersampling,None,0,193,85,1239,0.0,0.0,0.18504712,-0.28230733,0.0,0.564748201438849,12583
Apache Storm,10,36.71508,18.559753,18.325644,IBk,BestFirstBackward,SMOTE,None,0,174,104,1239,0.0,0.0,0.26027605,-0.25180146,0.0,0.5287769784172662,12564
Apache Storm,10,36.71508,18.559753,18.325644,IBk,None,Undersampling,None,102,981,258,176,0.09418283,0.36690646,0.3307712,-0.20012458,0.14988978,0.18705035971223022,2741
Apache Storm,10,36.71508,18.559753,18.325644,IBk,None,SMOTE,None,134,1189,50,144,0.10128496,0.4820144,0.38978985,-0.19433369,0.16739538,0.2302158273381295,2629
Apache Storm,11,43.311882,16.616467,20.38835,NaiveBayes,None,None,None,6,0,1230,309,1.0,0.01904762,0.19795716,0.029989943,0.037383176,0.28253968253968254,3090
Apache Storm,11,43.311882,16.616467,20.38835,NaiveBayes,None,None,Learning,4,0,1230,311,1.0,0.012698413,0.19795716,0.020067913,0.02507837,0.2698412698412698,3110
Apache Storm,11,43.311882,16.616467,20.38835,NaiveBayes,BestFirstBackward,None,None,1230,315,0,0,0.79611653,1.0,0.25828364,0.0,0.8864865,0.4222222222222222,315
Apache Storm,11,43.311882,16.616467,20.38835,NaiveBayes,BestFirstBackward,None,Learning,1230,315,0,0,0.79611653,1.0,0.25828364,0.0,0.8864865,0.4095238095238095,315
Apache Storm,11,43.311882,16.616467,20.38835,NaiveBayes,BestFirstBackward,Undersampling,None,1230,315,0,0,0.79611653,1.0,0.2583198,0.0,0.8864865,0.4095238095238095,315
Apache Storm,11,43.311882,16.616467,20.38835,NaiveBayes,BestFirstBackward,SMOTE,None,1230,315,0,0,0.79611653,1.0,0.25194478,0.0,0.8864865,0.4095238095238095,315
Apache Storm,11,43.311882,16.616467,20.38835,NaiveBayes,None,Undersampling,None,292,1230,0,23,0.19185282,0.92698413,0.17352432,-0.030106874,0.31790963,0.3968253968253968,1460
Apache Storm,11,43.311882,16.616467,20.38835,NaiveBayes,None,SMOTE,None,5,0,1230,310,1.0,0.015873017,0.18905407,0.025038168,0.03125,0.2698412698412698,3100
Apache Storm,11,43.311882,16.616467,20.38835,RandomForest,None,None,None,234,1229,1,81,0.15994532,0.74285716,0.2878694,-0.108819276,0.2632171,0.3333333333333333,2039
Apache Storm,11,43.311882,16.616467,20.38835,RandomForest,None,None,Learning,135,519,711,180,0.20642202,0.42857143,0.41656858,0.0047277403,0.27863777,0.3492063492063492,2319
Apache Storm,11,43.311882,16.616467,20.38835,RandomForest,BestFirstBackward,None,None,0,37,278,1230,0.0,0.0,0.3962266,-0.048765197,0.0,0.43492063492063493,12337
Apache Storm,11,43.311882,16.616467,20.38835,RandomForest,BestFirstBackward,None,Learning,1228,199,116,2,0.8605466,0.998374,0.6181598,0.47776404,0.9243508,0.37142857142857144,219
Apache Storm,11,43.311882,16.616467,20.38835,RandomForest,BestFirstBackward,Undersampling,None,0,94,221,1230,0.0,0.0,0.32657632,-0.1274513,0.0,0.4222222222222222,12394
Apache Storm,11,43.311882,16.616467,20.38835,RandomForest,BestFirstBackward,SMOTE,None,0,39,276,1230,0.0,0.0,0.4627849,-0.0514516,0.0,0.4,12339
Apache Storm,11,43.311882,16.616467,20.38835,RandomForest,None,Undersampling,None,141,1053,177,174,0.11809045,0.44761905,0.28773004,-0.20043883,0.18687873,0.3047619047619048,2793
Apache Storm,11,43.311882,16.616467,20.38835,RandomForest,None,SMOTE,None,176,1189,41,139,0.12893774,0.5587302,0.32071492,-0.18212773,0.20952381,0.2984126984126984,2579
Apache Storm,11,43.311882,16.616467,20.38835,IBk,None,None,None,210,1227,3,105,0.14613779,0.6666667,0.43709123,-0.14232902,0.23972602,0.3238095238095238,2277
Apache Storm,11,43.311882,16.616467,20.38835,IBk,None,None,Learning,148,517,713,167,0.2225564,0.46984127,0.43739966,0.035036296,0.30204082,0.3523809523809524,2187
Apache Storm,11,43.311882,16.616467,20.38835,IBk,BestFirstBackward,None,None,0,112,203,1230,0.0,0.0,0.36765775,-0.15324801,0.0,0.44761904761904764,12412
Apache Storm,11,43.311882,16.616467,20.38835,IBk,BestFirstBackward,None,Learning,1228,278,37,2,0.8154051,0.998374,0.36765775,0.17183551,0.8976608,0.4158730158730159,298
Apache Storm,11,43.311882,16.616467,20.38835,IBk,BestFirstBackward,Undersampling,None,2,133,182,1228,0.014814815,0.0016260162,0.3275055,-0.1834283,0.002930403,0.4444444444444444,12413
Apache Storm,11,43.311882,16.616467,20.38835,IBk,BestFirstBackward,SMOTE,None,0,114,201,1230,0.0,0.0,0.3866744,-0.15614352,0.0,0.4158730158730159,12414
Apache Storm,11,43.311882,16.616467,20.38835,IBk,None,Undersampling,None,164,1038,192,151,0.13643926,0.52063495,0.39015228,-0.15789424,0.21621622,0.3047619047619048,2548
Apache Storm,11,43.311882,16.616467,20.38835,IBk,None,SMOTE,None,173,1195,35,142,0.12646198,0.5492064,0.36909667,-0.18825985,0.20558527,0.28888888888888886,2615
Apache Storm,12,50.03044,14.541504,20.947632,NaiveBayes,None,None,None,8,0,1268,328,1.0,0.023809524,0.26112902,0.037130307,0.046511628,0.39285714285714285,3280
Apache Storm,12,50.03044,14.541504,20.947632,NaiveBayes,None,None,Learning,5,0,1268,331,1.0,0.014880952,0.26112902,0.023325803,0.029325513,0.38095238095238093,3310
Apache Storm,12,50.03044,14.541504,20.947632,NaiveBayes,BestFirstBackward,None,None,0,0,336,1268,NaN,0.0,0.32868597,0.0,NaN,0.4166666666666667,12680
Apache Storm,12,50.03044,14.541504,20.947632,NaiveBayes,BestFirstBackward,None,Learning,1268,336,0,0,0.7905237,1.0,0.32868597,0.0,0.88300836,0.4107142857142857,336
Apache Storm,12,50.03044,14.541504,20.947632,NaiveBayes,BestFirstBackward,Undersampling,None,1268,336,0,0,0.7905237,1.0,0.32868597,0.0,0.88300836,0.4107142857142857,336
Apache Storm,12,50.03044,14.541504,20.947632,NaiveBayes,BestFirstBackward,SMOTE,None,1268,336,0,0,0.7905237,1.0,0.33004263,0.0,0.88300836,0.4107142857142857,336
Apache Storm,12,50.03044,14.541504,20.947632,NaiveBayes,None,Undersampling,None,310,1265,3,26,0.1968254,0.92261904,0.36685187,-0.031851005,0.32443747,0.4107142857142857,1525
Apache Storm,12,50.03044,14.541504,20.947632,NaiveBayes,None,SMOTE,None,5,0,1268,331,1.0,0.014880952,0.26132032,0.023325803,0.029325513,0.3601190476190476,3310
Apache Storm,12,50.03044,14.541504,20.947632,RandomForest,None,None,None,321,1267,1,15,0.20214106,0.95535713,0.38876605,-0.018508539,0.33367983,0.39285714285714285,1417
Apache Storm,12,50.03044,14.541504,20.947632,RandomForest,None,None,Learning,240,782,486,96,0.23483366,0.71428573,0.57523096,0.0557418,0.35346097,0.4017857142857143,1742
Apache Storm,12,50.03044,14.541504,20.947632,RandomForest,BestFirstBackward,None,None,0,0,336,1268,NaN,0.0,0.32680708,0.0,NaN,0.46726190476190477,12680
Apache Storm,12,50.03044,14.541504,20.947632,RandomForest,BestFirstBackward,None,Learning,4,116,220,1264,0.033333335,0.0031545742,0.3273516,-0.15165617,0.0057636886,0.43452380952380953,12756
Apache Storm,12,50.03044,14.541504,20.947632,RandomForest,BestFirstBackward,Undersampling,None,15,117,219,1253,0.11363637,0.011829653,0.33055195,-0.15000251,0.021428572,0.4583333333333333,12647
Apache Storm,12,50.03044,14.541504,20.947632,RandomForest,BestFirstBackward,SMOTE,None,2,0,336,1266,1.0,0.0015772871,0.66693306,6.614147E-4,0.0031496063,0.40476190476190477,12660
Apache Storm,12,50.03044,14.541504,20.947632,RandomForest,None,Undersampling,None,200,1069,199,136,0.15760441,0.5952381,0.38859472,-0.12265429,0.24922119,0.375,2429
Apache Storm,12,50.03044,14.541504,20.947632,RandomForest,None,SMOTE,None,282,1230,38,54,0.18650794,0.83928573,0.49472478,-0.057187207,0.3051948,0.4017857142857143,1770
Apache Storm,12,50.03044,14.541504,20.947632,IBk,None,None,None,241,1264,4,95,0.16013288,0.7172619,0.45209342,-0.12269855,0.26181424,0.31547619047619047,2214
Apache Storm,12,50.03044,14.541504,20.947632,IBk,None,None,Learning,181,790,478,155,0.18640576,0.53869045,0.45238447,-0.04977021,0.27697015,0.32142857142857145,2340
Apache Storm,12,50.03044,14.541504,20.947632,IBk,BestFirstBackward,None,None,0,0,336,1268,NaN,0.0,0.6669495,0.0,NaN,0.30952380952380953,12680
Apache Storm,12,50.03044,14.541504,20.947632,IBk,BestFirstBackward,None,Learning,2,0,336,1266,1.0,0.0015772871,0.6669495,6.614147E-4,0.0031496063,0.3125,12660
Apache Storm,12,50.03044,14.541504,20.947632,IBk,BestFirstBackward,Undersampling,None,15,117,219,1253,0.11363637,0.011829653,0.3295239,-0.15000251,0.021428572,0.4583333333333333,12647
Apache Storm,12,50.03044,14.541504,20.947632,IBk,BestFirstBackward,SMOTE,None,2,0,336,1266,1.0,0.0015772871,0.6669495,6.614147E-4,0.0031496063,0.30952380952380953,12660
Apache Storm,12,50.03044,14.541504,20.947632,IBk,None,Undersampling,None,241,1057,211,95,0.18567026,0.7172619,0.55338717,-0.05668733,0.29498163,0.40773809523809523,2007
Apache Storm,12,50.03044,14.541504,20.947632,IBk,None,SMOTE,None,231,1222,46,105,0.15898141,0.6875,0.46557194,-0.12432678,0.25824484,0.31547619047619047,2272
Apache Storm,13,57.005566,12.7851095,4.8250265,NaiveBayes,None,None,None,24,1194,601,67,0.019704433,0.26373628,0.22321467,-0.058363277,0.036669213,0.26373626373626374,1864
Apache Storm,13,57.005566,12.7851095,4.8250265,NaiveBayes,None,None,Learning,0,7,1788,91,0.0,0.0,0.22321467,-0.006940737,0.0,0.18681318681318682,917
Apache Storm,13,57.005566,12.7851095,4.8250265,NaiveBayes,BestFirstBackward,None,None,0,0,91,1795,NaN,0.0,0.7237167,0.0,NaN,0.5054945054945055,17950
Apache Storm,13,57.005566,12.7851095,4.8250265,NaiveBayes,BestFirstBackward,None,Learning,1795,91,0,0,0.95174974,1.0,0.7237167,0.0,0.97527844,0.4945054945054945,91
Apache Storm,13,57.005566,12.7851095,4.8250265,NaiveBayes,BestFirstBackward,Undersampling,None,1795,91,0,0,0.95174974,1.0,0.7229973,0.0,0.97527844,0.4945054945054945,91
Apache Storm,13,57.005566,12.7851095,4.8250265,NaiveBayes,BestFirstBackward,SMOTE,None,1795,91,0,0,0.95174974,1.0,0.72114545,0.0,0.97527844,0.4945054945054945,91
Apache Storm,13,57.005566,12.7851095,4.8250265,NaiveBayes,None,Undersampling,None,72,1743,52,19,0.03966942,0.7912088,0.24272245,-0.017996034,0.07555089,0.45054945054945056,1933
Apache Storm,13,57.005566,12.7851095,4.8250265,NaiveBayes,None,SMOTE,None,0,10,1785,91,0.0,0.0,0.23396492,-0.009646677,0.0,0.17582417582417584,920
Apache Storm,13,57.005566,12.7851095,4.8250265,RandomForest,None,None,None,57,1569,226,34,0.03505535,0.62637365,0.30148765,-0.027504733,0.06639487,0.3956043956043956,1909
Apache Storm,13,57.005566,12.7851095,4.8250265,RandomForest,None,None,Learning,30,1134,661,61,0.025773196,0.32967034,0.32275245,-0.045793153,0.047808766,0.43956043956043955,1744
Apache Storm,13,57.005566,12.7851095,4.8250265,RandomForest,BestFirstBackward,None,None,254,9,82,1541,0.9657795,0.14150418,0.32027304,0.0047384975,0.2468416,0.5714285714285714,15419
Apache Storm,13,57.005566,12.7851095,4.8250265,RandomForest,BestFirstBackward,None,Learning,555,67,24,1240,0.89228296,0.3091922,0.3169488,-0.059996165,0.459247,0.5274725274725275,12467
Apache Storm,13,57.005566,12.7851095,4.8250265,RandomForest,BestFirstBackward,Undersampling,None,560,67,24,1235,0.8931419,0.3119777,0.27499464,-0.059824027,0.46242774,0.5494505494505495,12417
Apache Storm,13,57.005566,12.7851095,4.8250265,RandomForest,BestFirstBackward,SMOTE,None,555,67,24,1240,0.89228296,0.3091922,0.31988737,-0.059996165,0.459247,0.5054945054945055,12467
Apache Storm,13,57.005566,12.7851095,4.8250265,RandomForest,None,Undersampling,None,23,1103,692,68,0.020426288,0.25274727,0.27669656,-0.056534614,0.037797865,0.24175824175824176,1783
Apache Storm,13,57.005566,12.7851095,4.8250265,RandomForest,None,SMOTE,None,29,1292,503,62,0.021953065,0.31868133,0.3083198,-0.054087948,0.04107649,0.2967032967032967,1912
Apache Storm,13,57.005566,12.7851095,4.8250265,IBk,None,None,None,33,1356,439,58,0.023758098,0.36263737,0.3457437,-0.050550684,0.044594593,0.1978021978021978,1936
Apache Storm,13,57.005566,12.7851095,4.8250265,IBk,None,None,Learning,30,1107,688,61,0.026385223,0.32967034,0.3458661,-0.044462167,0.048859935,0.24175824175824176,1717
Apache Storm,13,57.005566,12.7851095,4.8250265,IBk,BestFirstBackward,None,None,90,2,89,1705,0.9782609,0.050139274,0.31705287,0.0028495304,0.09538951,0.5824175824175825,17052
Apache Storm,13,57.005566,12.7851095,4.8250265,IBk,BestFirstBackward,None,Learning,555,67,24,1240,0.89228296,0.3091922,0.31705287,-0.059996165,0.459247,0.5274725274725275,12467
Apache Storm,13,57.005566,12.7851095,4.8250265,IBk,BestFirstBackward,Undersampling,None,561,67,24,1234,0.8933121,0.3125348,0.2657504,-0.05978945,0.46306232,0.5494505494505495,12407
Apache Storm,13,57.005566,12.7851095,4.8250265,IBk,BestFirstBackward,SMOTE,None,555,67,24,1240,0.89228296,0.3091922,0.32118827,-0.059996165,0.459247,0.5054945054945055,12467
Apache Storm,13,57.005566,12.7851095,4.8250265,IBk,None,Undersampling,None,24,1080,715,67,0.02173913,0.26373628,0.32027915,-0.053779103,0.040167365,0.2087912087912088,1750
Apache Storm,13,57.005566,12.7851095,4.8250265,IBk,None,SMOTE,None,28,1250,545,63,0.021909233,0.30769232,0.34180415,-0.05404927,0.04090577,0.1978021978021978,1880
Apache Storm,14,65.20699,20.100033,3.237598,NaiveBayes,None,None,None,62,1848,5,0,0.032460734,1.0,0.42078668,1.7516401E-4,0.06288032,0.5806451612903226,1848
Apache Storm,14,65.20699,20.100033,3.237598,NaiveBayes,None,None,Learning,62,1847,6,0,0.032477736,1.0,0.42078668,2.1030322E-4,0.062912226,0.5806451612903226,1847
Apache Storm,14,65.20699,20.100033,3.237598,NaiveBayes,BestFirstBackward,None,None,16,1,61,1837,0.9411765,0.008634646,0.47385234,-4.8947596E-4,0.0171123,0.5806451612903226,18371
Apache Storm,14,65.20699,20.100033,3.237598,NaiveBayes,BestFirstBackward,None,Learning,68,2,60,1785,0.9714286,0.036697246,0.47385234,2.9797334E-4,0.070722826,0.5806451612903226,17852
Apache Storm,14,65.20699,20.100033,3.237598,NaiveBayes,BestFirstBackward,Undersampling,None,111,4,58,1742,0.9652174,0.05990286,0.47003987,-3.1712506E-4,0.112804875,0.41935483870967744,17424
Apache Storm,14,65.20699,20.100033,3.237598,NaiveBayes,BestFirstBackward,SMOTE,None,25,1,61,1828,0.96153843,0.013491635,0.4433482,-1.7304749E-4,0.0266099,0.5806451612903226,18281
Apache Storm,14,65.20699,20.100033,3.237598,NaiveBayes,None,Undersampling,None,61,1832,21,1,0.032223985,0.983871,0.41514632,-3.1404127E-4,0.062404092,0.5806451612903226,1842
Apache Storm,14,65.20699,20.100033,3.237598,NaiveBayes,None,SMOTE,None,62,1847,6,0,0.032477736,1.0,0.40327802,2.1030322E-4,0.062912226,0.5806451612903226,1847
Apache Storm,14,65.20699,20.100033,3.237598,RandomForest,None,None,None,54,1752,101,8,0.029900333,0.87096775,0.38168707,-0.005106648,0.057815846,0.5483870967741935,1832
Apache Storm,14,65.20699,20.100033,3.237598,RandomForest,None,None,Learning,19,841,1012,43,0.022093024,0.30645162,0.42736277,-0.020416036,0.04121475,0.5161290322580645,1271
Apache Storm,14,65.20699,20.100033,3.237598,RandomForest,BestFirstBackward,None,None,107,10,52,1746,0.9145299,0.057744198,0.38721862,-0.0071255974,0.10862944,0.5645161290322581,17470
Apache Storm,14,65.20699,20.100033,3.237598,RandomForest,BestFirstBackward,None,Learning,1010,42,20,843,0.96007603,0.54506207,0.41513762,-0.018272456,0.69535285,0.5806451612903226,8472
Apache Storm,14,65.20699,20.100033,3.237598,RandomForest,BestFirstBackward,Undersampling,None,326,20,42,1527,0.94219655,0.17593092,0.379511,-0.011505018,0.29649842,0.5483870967741935,15290
Apache Storm,14,65.20699,20.100033,3.237598,RandomForest,BestFirstBackward,SMOTE,None,259,17,45,1594,0.9384058,0.13977334,0.40914473,-0.010112701,0.24330671,0.5483870967741935,15957
Apache Storm,14,65.20699,20.100033,3.237598,RandomForest,None,Undersampling,None,38,1507,346,24,0.02459547,0.61290324,0.37630782,-0.015953843,0.047293093,0.532258064516129,1747
Apache Storm,14,65.20699,20.100033,3.237598,RandomForest,None,SMOTE,None,51,1620,233,11,0.030520646,0.82258064,0.40720367,-0.003816177,0.05885747,0.5483870967741935,1730
Apache Storm,14,65.20699,20.100033,3.237598,IBk,None,None,None,55,1752,101,7,0.030437188,0.88709676,0.49593946,-0.003999324,0.058855,0.5645161290322581,1822
Apache Storm,14,65.20699,20.100033,3.237598,IBk,None,None,Learning,27,830,1023,35,0.03150525,0.43548387,0.4956435,-0.0017283325,0.05875952,0.5645161290322581,1180
Apache Storm,14,65.20699,20.100033,3.237598,IBk,BestFirstBackward,None,None,105,10,52,1748,0.9130435,0.05666487,0.45585623,-0.0071921567,0.10670732,0.5161290322580645,17490
Apache Storm,14,65.20699,20.100033,3.237598,IBk,BestFirstBackward,None,Learning,1027,38,24,826,0.9643192,0.55423635,0.4555429,-0.008214103,0.7039068,0.532258064516129,8298
Apache Storm,14,65.20699,20.100033,3.237598,IBk,BestFirstBackward,Undersampling,None,329,15,47,1524,0.9563953,0.17754991,0.44941944,-0.00504503,0.2994993,0.5,15255
Apache Storm,14,65.20699,20.100033,3.237598,IBk,BestFirstBackward,SMOTE,None,260,15,47,1593,0.94545454,0.140313,0.43940514,-0.007640782,0.24436091,0.5161290322580645,15945
Apache Storm,14,65.20699,20.100033,3.237598,IBk,None,Undersampling,None,47,1510,343,15,0.030186256,0.7580645,0.48174712,-0.0044914265,0.05806053,0.5806451612903226,1660
Apache Storm,14,65.20699,20.100033,3.237598,IBk,None,SMOTE,None,53,1628,225,9,0.031528853,0.8548387,0.50232404,-0.0017428255,0.060814686,0.5806451612903226,1718
Apache Storm,15,73.53453,18.184505,2.9806259,NaiveBayes,None,None,None,56,1932,21,4,0.028169014,0.93333334,0.25209934,-0.0033737859,0.0546875,0.2833333333333333,1972
Apache Storm,15,73.53453,18.184505,2.9806259,NaiveBayes,None,None,Learning,55,1927,26,5,0.027749747,0.9166667,0.25209934,-0.0042373473,0.053868756,0.2833333333333333,1977
Apache Storm,15,73.53453,18.184505,2.9806259,NaiveBayes,BestFirstBackward,None,None,9,1,59,1944,0.9,0.004608295,0.29516557,-7.223079E-4,0.009169638,0.3,19441
Apache Storm,15,73.53453,18.184505,2.9806259,NaiveBayes,BestFirstBackward,None,Learning,50,6,54,1903,0.89285713,0.025601638,0.29516557,-0.0045579774,0.049776006,0.3,19036
Apache Storm,15,73.53453,18.184505,2.9806259,NaiveBayes,BestFirstBackward,Undersampling,None,15,1,59,1938,0.9375,0.0076804915,0.31585595,-5.398476E-4,0.015236161,0.3,19381
Apache Storm,15,73.53453,18.184505,2.9806259,NaiveBayes,BestFirstBackward,SMOTE,None,20,2,58,1933,0.90909094,0.010240655,0.30779997,-0.0013913516,0.020253165,0.3,19332
Apache Storm,15,73.53453,18.184505,2.9806259,NaiveBayes,None,Undersampling,None,55,1923,30,5,0.027805865,0.9166667,0.24537037,-0.0041214614,0.053974483,0.2833333333333333,1973
Apache Storm,15,73.53453,18.184505,2.9806259,NaiveBayes,None,SMOTE,None,55,1923,30,5,0.027805865,0.9166667,0.26366276,-0.0041214614,0.053974483,0.3,1973
Apache Storm,15,73.53453,18.184505,2.9806259,RandomForest,None,None,None,33,1707,246,27,0.018965518,0.55,0.2801374,-0.02224038,0.036666665,0.25,1977
Apache Storm,15,73.53453,18.184505,2.9806259,RandomForest,None,None,Learning,24,1206,747,36,0.019512195,0.4,0.32341698,-0.020813582,0.037209302,0.2,1566
Apache Storm,15,73.53453,18.184505,2.9806259,RandomForest,BestFirstBackward,None,None,261,23,37,1692,0.9190141,0.13364056,0.33441713,-0.017242735,0.23334824,0.3333333333333333,16943
Apache Storm,15,73.53453,18.184505,2.9806259,RandomForest,BestFirstBackward,None,Learning,875,38,22,1078,0.958379,0.44802868,0.3632446,-0.019712403,0.61060715,0.21666666666666667,10818
Apache Storm,15,73.53453,18.184505,2.9806259,RandomForest,BestFirstBackward,Undersampling,None,653,40,20,1300,0.94227993,0.3343574,0.3271676,-0.029730411,0.49357522,0.3,13040
Apache Storm,15,73.53453,18.184505,2.9806259,RandomForest,BestFirstBackward,SMOTE,None,432,26,34,1521,0.94323146,0.22119816,0.38718212,-0.016223757,0.35835752,0.2,15236
Apache Storm,15,73.53453,18.184505,2.9806259,RandomForest,None,Undersampling,None,20,1378,575,40,0.014306151,0.33333334,0.26842037,-0.03152652,0.027434843,0.23333333333333334,1778
Apache Storm,15,73.53453,18.184505,2.9806259,RandomForest,None,SMOTE,None,31,1601,352,29,0.018995099,0.51666665,0.3176011,-0.022127897,0.036643025,0.26666666666666666,1891
Apache Storm,15,73.53453,18.184505,2.9806259,IBk,None,None,None,34,1673,280,26,0.019917985,0.56666666,0.38055128,-0.020272477,0.038483307,0.21666666666666667,1933
Apache Storm,15,73.53453,18.184505,2.9806259,IBk,None,None,Learning,30,1268,685,30,0.023112481,0.5,0.38052142,-0.013569216,0.04418262,0.26666666666666666,1568
Apache Storm,15,73.53453,18.184505,2.9806259,IBk,BestFirstBackward,None,None,284,23,37,1669,0.92508143,0.1454173,0.4328213,-0.016642997,0.25132743,0.3,16713
Apache Storm,15,73.53453,18.184505,2.9806259,IBk,BestFirstBackward,None,Learning,743,28,32,1210,0.96368355,0.38044035,0.43284264,-0.008175135,0.5455213,0.21666666666666667,12128
Apache Storm,15,73.53453,18.184505,2.9806259,IBk,BestFirstBackward,Undersampling,None,624,40,20,1329,0.939759,0.31950846,0.34818655,-0.030421356,0.47688192,0.3,13330
Apache Storm,15,73.53453,18.184505,2.9806259,IBk,BestFirstBackward,SMOTE,None,794,36,24,1159,0.95662653,0.406554,0.44126132,-0.01920855,0.57060724,0.25,11626
Apache Storm,15,73.53453,18.184505,2.9806259,IBk,None,Undersampling,None,26,1517,436,34,0.01685029,0.43333334,0.35025603,-0.026460385,0.032439176,0.23333333333333334,1857
Apache Storm,15,73.53453,18.184505,2.9806259,IBk,None,SMOTE,None,25,1276,677,35,0.019215988,0.41666666,0.41537377,-0.021470265,0.03673769,0.2833333333333333,1626
Apache Storm,16,82.28822,16.804947,4.362915,NaiveBayes,None,None,None,88,1920,9,0,0.043824703,1.0,0.3405527,4.0885608E-4,0.08396947,0.3068181818181818,1920
Apache Storm,16,82.28822,16.804947,4.362915,NaiveBayes,None,None,Learning,88,1918,11,0,0.043868396,1.0,0.3405527,5.001883E-4,0.084049664,0.3068181818181818,1918
Apache Storm,16,82.28822,16.804947,4.362915,NaiveBayes,BestFirstBackward,None,None,0,0,88,1929,NaN,0.0,0.48871884,0.0,NaN,0.3068181818181818,19290
Apache Storm,16,82.28822,16.804947,4.362915,NaiveBayes,BestFirstBackward,None,Learning,1929,88,0,0,0.95637083,1.0,0.48871884,0.0,0.9776989,0.3068181818181818,88
Apache Storm,16,82.28822,16.804947,4.362915,NaiveBayes,BestFirstBackward,Undersampling,None,1929,88,0,0,0.95637083,1.0,0.48871884,0.0,0.9776989,0.3068181818181818,88
Apache Storm,16,82.28822,16.804947,4.362915,NaiveBayes,BestFirstBackward,SMOTE,None,1929,88,0,0,0.95637083,1.0,0.48474538,0.0,0.9776989,0.3068181818181818,88
Apache Storm,16,82.28822,16.804947,4.362915,NaiveBayes,None,Undersampling,None,85,1907,22,3,0.042670682,0.96590906,0.34490314,-0.0020032418,0.08173077,0.3068181818181818,1937
Apache Storm,16,82.28822,16.804947,4.362915,NaiveBayes,None,SMOTE,None,88,1917,12,0,0.043890275,1.0,0.36565402,5.459197E-4,0.08408982,0.3068181818181818,1917
Apache Storm,16,82.28822,16.804947,4.362915,RandomForest,None,None,None,78,1886,43,10,0.03971487,0.8863636,0.40798634,-0.008175639,0.07602339,0.3068181818181818,1986
Apache Storm,16,82.28822,16.804947,4.362915,RandomForest,None,None,Learning,43,1173,756,45,0.03536184,0.48863637,0.4423954,-0.01678454,0.06595092,0.29545454545454547,1623
Apache Storm,16,82.28822,16.804947,4.362915,RandomForest,BestFirstBackward,None,None,0,0,88,1929,NaN,0.0,0.5075669,0.0,NaN,0.3068181818181818,19290
Apache Storm,16,82.28822,16.804947,4.362915,RandomForest,BestFirstBackward,None,Learning,1841,82,6,88,0.9573583,0.9543805,0.5075669,0.021851376,0.9558671,0.3068181818181818,962
Apache Storm,16,82.28822,16.804947,4.362915,RandomForest,BestFirstBackward,Undersampling,None,7,1,87,1922,0.875,0.0036288232,0.5075316,-6.7749125E-4,0.007227672,0.3068181818181818,19221
Apache Storm,16,82.28822,16.804947,4.362915,RandomForest,BestFirstBackward,SMOTE,None,7,1,87,1922,0.875,0.0036288232,0.5075669,-6.7749125E-4,0.007227672,0.3068181818181818,19221
Apache Storm,16,82.28822,16.804947,4.362915,RandomForest,None,Undersampling,None,60,1635,294,28,0.03539823,0.6818182,0.4000365,-0.017064935,0.0673023,0.32954545454545453,1915
Apache Storm,16,82.28822,16.804947,4.362915,RandomForest,None,SMOTE,None,70,1792,137,18,0.037593983,0.79545456,0.45701376,-0.01257323,0.071794875,0.3181818181818182,1972
Apache Storm,16,82.28822,16.804947,4.362915,IBk,None,None,None,75,1883,46,13,0.038304392,0.85227275,0.4452083,-0.0111200595,0.07331378,0.3068181818181818,2013
Apache Storm,16,82.28822,16.804947,4.362915,IBk,None,None,Learning,43,1152,777,45,0.035983264,0.48863637,0.4459918,-0.015502898,0.0670304,0.29545454545454547,1602
Apache Storm,16,82.28822,16.804947,4.362915,IBk,BestFirstBackward,None,None,0,0,88,1929,NaN,0.0,0.5075669,0.0,NaN,0.3068181818181818,19290
Apache Storm,16,82.28822,16.804947,4.362915,IBk,BestFirstBackward,None,Learning,1841,82,6,88,0.9573583,0.9543805,0.5075669,0.021851376,0.9558671,0.3068181818181818,962
Apache Storm,16,82.28822,16.804947,4.362915,IBk,BestFirstBackward,Undersampling,None,7,1,87,1922,0.875,0.0036288232,0.5075316,-6.7749125E-4,0.007227672,0.3068181818181818,19221
Apache Storm,16,82.28822,16.804947,4.362915,IBk,BestFirstBackward,SMOTE,None,7,1,87,1922,0.875,0.0036288232,0.5075669,-6.7749125E-4,0.007227672,0.3068181818181818,19221
Apache Storm,16,82.28822,16.804947,4.362915,IBk,None,Undersampling,None,55,1633,296,33,0.03258294,0.625,0.4209111,-0.022896688,0.061936937,0.3181818181818182,1963
Apache Storm,16,82.28822,16.804947,4.362915,IBk,None,SMOTE,None,67,1771,158,21,0.036452666,0.7613636,0.48835653,-0.014941366,0.069574244,0.3181818181818182,1981
Apache Storm,17,91.05931,15.210124,32.976654,NaiveBayes,None,None,None,23,7,1371,655,0.76666665,0.033923306,0.6012005,0.03808991,0.06497175,0.04277286135693215,6557
Apache Storm,17,91.05931,15.210124,32.976654,NaiveBayes,None,None,Learning,27,11,1367,651,0.7105263,0.03982301,0.6012005,0.04188184,0.075418994,0.045722713864306784,6521
Apache Storm,17,91.05931,15.210124,32.976654,NaiveBayes,BestFirstBackward,None,None,0,0,1378,678,NaN,0.0,0.56046665,0.0,NaN,0.4557522123893805,6780
Apache Storm,17,91.05931,15.210124,32.976654,NaiveBayes,BestFirstBackward,None,Learning,678,1378,0,0,0.32976654,1.0,0.56046665,0.0,0.4959766,0.4528023598820059,1378
Apache Storm,17,91.05931,15.210124,32.976654,NaiveBayes,BestFirstBackward,Undersampling,None,678,1378,0,0,0.32976654,1.0,0.56046665,0.0,0.4959766,0.4528023598820059,1378
Apache Storm,17,91.05931,15.210124,32.976654,NaiveBayes,BestFirstBackward,SMOTE,None,678,1378,0,0,0.32976654,1.0,0.56209034,0.0,0.4959766,0.4557522123893805,1378
Apache Storm,17,91.05931,15.210124,32.976654,NaiveBayes,None,Undersampling,None,25,9,1369,653,0.7352941,0.036873158,0.6592337,0.039989617,0.07022472,0.04129793510324484,6539
Apache Storm,17,91.05931,15.210124,32.976654,NaiveBayes,None,SMOTE,None,29,11,1367,649,0.725,0.042772863,0.5770055,0.045716923,0.08077995,0.05014749262536873,6501
Apache Storm,17,91.05931,15.210124,32.976654,RandomForest,None,None,None,97,90,1288,581,0.5187166,0.14306785,0.5563571,0.09528169,0.22427745,0.37905604719764013,5900
Apache Storm,17,91.05931,15.210124,32.976654,RandomForest,None,None,Learning,312,461,917,366,0.40362224,0.460177,0.54290235,0.121316664,0.43004826,0.4469026548672566,4121
Apache Storm,17,91.05931,15.210124,32.976654,RandomForest,BestFirstBackward,None,None,15,19,1359,663,0.44117647,0.022123894,0.56022847,0.0109862825,0.042134833,0.4410029498525074,6649
Apache Storm,17,91.05931,15.210124,32.976654,RandomForest,BestFirstBackward,None,Learning,674,1373,5,4,0.32926235,0.9941003,0.56022847,-0.0015013082,0.49467888,0.45870206489675514,1413
Apache Storm,17,91.05931,15.210124,32.976654,RandomForest,BestFirstBackward,Undersampling,None,30,50,1328,648,0.375,0.044247787,0.56239486,0.010262296,0.079155676,0.45722713864306785,6530
Apache Storm,17,91.05931,15.210124,32.976654,RandomForest,BestFirstBackward,SMOTE,None,178,188,1190,500,0.4863388,0.26253688,0.5607765,0.14279757,0.34099618,0.46017699115044247,5188
Apache Storm,17,91.05931,15.210124,32.976654,RandomForest,None,Undersampling,None,233,270,1108,445,0.4632207,0.34365782,0.57070816,0.15808548,0.39458087,0.42035398230088494,4720
Apache Storm,17,91.05931,15.210124,32.976654,RandomForest,None,SMOTE,None,168,179,1199,510,0.48414984,0.24778761,0.5369095,0.13457651,0.32780486,0.43805309734513276,5279
Apache Storm,17,91.05931,15.210124,32.976654,IBk,None,None,None,92,85,1293,586,0.519774,0.13569322,0.49065754,0.09110937,0.21520467,0.39233038348082594,5945
Apache Storm,17,91.05931,15.210124,32.976654,IBk,None,None,Learning,252,404,974,426,0.38414633,0.37168142,0.49060938,0.07915527,0.3778111,0.45870206489675514,4664
Apache Storm,17,91.05931,15.210124,32.976654,IBk,BestFirstBackward,None,None,15,19,1359,663,0.44117647,0.022123894,0.56022847,0.0109862825,0.042134833,0.4410029498525074,6649
Apache Storm,17,91.05931,15.210124,32.976654,IBk,BestFirstBackward,None,Learning,674,1373,5,4,0.32926235,0.9941003,0.56022847,-0.0015013082,0.49467888,0.45870206489675514,1413
Apache Storm,17,91.05931,15.210124,32.976654,IBk,BestFirstBackward,Undersampling,None,30,50,1328,648,0.375,0.044247787,0.56249815,0.010262296,0.079155676,0.45870206489675514,6530
Apache Storm,17,91.05931,15.210124,32.976654,IBk,BestFirstBackward,SMOTE,None,178,188,1190,500,0.4863388,0.26253688,0.5607765,0.14279757,0.34099618,0.46017699115044247,5188
Apache Storm,17,91.05931,15.210124,32.976654,IBk,None,Undersampling,None,236,260,1118,442,0.47580644,0.3480826,0.5612908,0.17106678,0.4020443,0.43215339233038347,4680
Apache Storm,17,91.05931,15.210124,32.976654,IBk,None,SMOTE,None,167,187,1191,511,0.47175142,0.24631268,0.5077974,0.12588868,0.32364342,0.4410029498525074,5297
