Dataset,#TrainingReleases,%TrainingData,%DefectiveTraining,%DefectiveTesting,Classifier,FeatureSelection,Balancing,Sensitivity,TP,FP,TN,FN,Precision,Recall,AUC,Kappa,NPofB20
Bookkeeper,1,8.453681,50.833332,33.554817,NaiveBayes,None,None,None,189.0,61.0,40.0,11.0,0.756,0.945,0.69017327,0.38866007,22.772278
Bookkeeper,1,8.453681,50.833332,33.554817,NaiveBayes,None,None,Threshold,192.0,63.0,38.0,8.0,0.7529412,0.96,0.66811883,0.38861394,21.782177
Bookkeeper,1,8.453681,50.833332,33.554817,NaiveBayes,None,None,Learning,192.0,63.0,38.0,8.0,0.7529412,0.96,0.69017327,0.38861394,22.772278
Bookkeeper,1,8.453681,50.833332,33.554817,NaiveBayes,None,Oversampling,None,191.0,65.0,36.0,9.0,0.74609375,0.955,0.6783911,0.36097085,22.772278
Bookkeeper,1,8.453681,50.833332,33.554817,NaiveBayes,None,Oversampling,Threshold,193.0,66.0,35.0,7.0,0.74517375,0.965,0.6557673,0.3641888,21.782177
Bookkeeper,1,8.453681,50.833332,33.554817,NaiveBayes,None,Oversampling,Learning,161.0,41.0,60.0,39.0,0.7970297,0.805,0.7224505,0.40102482,27.722773
Bookkeeper,1,8.453681,50.833332,33.554817,NaiveBayes,None,Undersampling,None,190.0,61.0,40.0,10.0,0.75697213,0.95,0.69549507,0.39546263,22.772278
Bookkeeper,1,8.453681,50.833332,33.554817,NaiveBayes,None,Undersampling,Threshold,192.0,64.0,37.0,8.0,0.75,0.96,0.6631683,0.3782419,21.782177
Bookkeeper,1,8.453681,50.833332,33.554817,NaiveBayes,None,Undersampling,Learning,0.0,0.0,101.0,200.0,NaN,0.0,0.6564109,0.0,28.712872
Bookkeeper,1,8.453681,50.833332,33.554817,NaiveBayes,None,SMOTE,None,186.0,59.0,42.0,14.0,0.75918365,0.93,0.6968812,0.38870496,22.772278
Bookkeeper,1,8.453681,50.833332,33.554817,NaiveBayes,None,SMOTE,Threshold,188.0,60.0,41.0,12.0,0.7580645,0.94,0.6729703,0.39205566,22.772278
Bookkeeper,1,8.453681,50.833332,33.554817,NaiveBayes,None,SMOTE,Learning,190.0,64.0,37.0,10.0,0.7480315,0.95,0.80653465,0.36458036,22.772278
Bookkeeper,1,8.453681,50.833332,33.554817,NaiveBayes,BestFirst,None,None,179.0,54.0,47.0,21.0,0.76824033,0.895,0.68596536,0.3920502,20.79208
Bookkeeper,1,8.453681,50.833332,33.554817,NaiveBayes,BestFirst,None,Threshold,185.0,59.0,42.0,15.0,0.7581967,0.925,0.67042077,0.38203308,20.79208
Bookkeeper,1,8.453681,50.833332,33.554817,NaiveBayes,BestFirst,None,Learning,185.0,59.0,42.0,15.0,0.7581967,0.925,0.68596536,0.38203308,19.801981
Bookkeeper,1,8.453681,50.833332,33.554817,NaiveBayes,BestFirst,Oversampling,None,160.0,39.0,62.0,40.0,0.8040201,0.8,0.7175495,0.4128497,23.762377
Bookkeeper,1,8.453681,50.833332,33.554817,NaiveBayes,BestFirst,Oversampling,Threshold,173.0,47.0,54.0,27.0,0.78636366,0.865,0.6998267,0.42024988,23.762377
Bookkeeper,1,8.453681,50.833332,33.554817,NaiveBayes,BestFirst,Oversampling,Learning,66.0,28.0,73.0,134.0,0.70212764,0.33,0.6909901,0.04189099,20.79208
Bookkeeper,1,8.453681,50.833332,33.554817,NaiveBayes,BestFirst,Undersampling,None,181.0,54.0,47.0,19.0,0.77021277,0.905,0.6889109,0.40509003,20.79208
Bookkeeper,1,8.453681,50.833332,33.554817,NaiveBayes,BestFirst,Undersampling,Threshold,185.0,60.0,41.0,15.0,0.75510204,0.925,0.6654703,0.37195715,19.801981
Bookkeeper,1,8.453681,50.833332,33.554817,NaiveBayes,BestFirst,Undersampling,Learning,194.0,73.0,28.0,6.0,0.72659177,0.97,0.8001733,0.29579175,20.79208
Bookkeeper,1,8.453681,50.833332,33.554817,NaiveBayes,BestFirst,SMOTE,None,179.0,50.0,51.0,21.0,0.78165936,0.895,0.68685645,0.43054703,24.752476
Bookkeeper,1,8.453681,50.833332,33.554817,NaiveBayes,BestFirst,SMOTE,Threshold,182.0,56.0,45.0,18.0,0.7647059,0.91,0.6777723,0.39205196,21.782177
Bookkeeper,1,8.453681,50.833332,33.554817,NaiveBayes,BestFirst,SMOTE,Learning,177.0,50.0,51.0,23.0,0.7797357,0.885,0.68344057,0.41757894,24.752476
Bookkeeper,1,8.453681,50.833332,33.554817,NaiveBayes,BackwardSearch,None,None,179.0,54.0,47.0,21.0,0.76824033,0.895,0.68596536,0.3920502,20.79208
Bookkeeper,1,8.453681,50.833332,33.554817,NaiveBayes,BackwardSearch,None,Threshold,185.0,59.0,42.0,15.0,0.7581967,0.925,0.67042077,0.38203308,20.79208
Bookkeeper,1,8.453681,50.833332,33.554817,NaiveBayes,BackwardSearch,None,Learning,185.0,59.0,42.0,15.0,0.7581967,0.925,0.68596536,0.38203308,19.801981
Bookkeeper,1,8.453681,50.833332,33.554817,NaiveBayes,BackwardSearch,Oversampling,None,160.0,39.0,62.0,40.0,0.8040201,0.8,0.7175495,0.4128497,23.762377
Bookkeeper,1,8.453681,50.833332,33.554817,NaiveBayes,BackwardSearch,Oversampling,Threshold,173.0,47.0,54.0,27.0,0.78636366,0.865,0.6998267,0.42024988,23.762377
Bookkeeper,1,8.453681,50.833332,33.554817,NaiveBayes,BackwardSearch,Oversampling,Learning,66.0,28.0,73.0,134.0,0.70212764,0.33,0.6909901,0.04189099,20.79208
Bookkeeper,1,8.453681,50.833332,33.554817,NaiveBayes,BackwardSearch,Undersampling,None,181.0,54.0,47.0,19.0,0.77021277,0.905,0.6889109,0.40509003,20.79208
Bookkeeper,1,8.453681,50.833332,33.554817,NaiveBayes,BackwardSearch,Undersampling,Threshold,185.0,60.0,41.0,15.0,0.75510204,0.925,0.6654703,0.37195715,19.801981
Bookkeeper,1,8.453681,50.833332,33.554817,NaiveBayes,BackwardSearch,Undersampling,Learning,194.0,73.0,28.0,6.0,0.72659177,0.97,0.8001733,0.29579175,20.79208
Bookkeeper,1,8.453681,50.833332,33.554817,NaiveBayes,BackwardSearch,SMOTE,None,179.0,50.0,51.0,21.0,0.78165936,0.895,0.68685645,0.43054703,24.752476
Bookkeeper,1,8.453681,50.833332,33.554817,NaiveBayes,BackwardSearch,SMOTE,Threshold,182.0,56.0,45.0,18.0,0.7647059,0.91,0.6777723,0.39205196,21.782177
Bookkeeper,1,8.453681,50.833332,33.554817,NaiveBayes,BackwardSearch,SMOTE,Learning,177.0,50.0,51.0,23.0,0.7797357,0.885,0.68344057,0.41757894,24.752476
Bookkeeper,1,8.453681,50.833332,33.554817,RandomForest,None,None,None,143.0,28.0,73.0,57.0,0.83625734,0.715,0.78782177,0.4087264,26.732674
Bookkeeper,1,8.453681,50.833332,33.554817,RandomForest,None,None,Threshold,195.0,74.0,27.0,5.0,0.72490704,0.975,0.62116337,0.2916381,20.79208
Bookkeeper,1,8.453681,50.833332,33.554817,RandomForest,None,None,Learning,187.0,57.0,44.0,13.0,0.7663934,0.935,0.7663614,0.41543669,25.742575
Bookkeeper,1,8.453681,50.833332,33.554817,RandomForest,None,Oversampling,None,166.0,43.0,58.0,34.0,0.79425836,0.83,0.77336633,0.41337416,33.663364
Bookkeeper,1,8.453681,50.833332,33.554817,RandomForest,None,Oversampling,Threshold,188.0,73.0,28.0,12.0,0.7203065,0.94,0.60861385,0.25540584,24.752476
Bookkeeper,1,8.453681,50.833332,33.554817,RandomForest,None,Oversampling,Learning,85.0,15.0,86.0,115.0,0.85,0.425,0.68977726,0.2220676,25.742575
Bookkeeper,1,8.453681,50.833332,33.554817,RandomForest,None,Undersampling,None,123.0,22.0,79.0,77.0,0.84827584,0.615,0.77106434,0.35000545,27.722773
Bookkeeper,1,8.453681,50.833332,33.554817,RandomForest,None,Undersampling,Threshold,193.0,81.0,20.0,7.0,0.70437956,0.965,0.5815099,0.19912922,17.821783
Bookkeeper,1,8.453681,50.833332,33.554817,RandomForest,None,Undersampling,Learning,39.0,23.0,78.0,161.0,0.62903225,0.195,0.5668812,-0.024453405,30.69307
Bookkeeper,1,8.453681,50.833332,33.554817,RandomForest,None,SMOTE,None,140.0,27.0,74.0,60.0,0.83832335,0.7,0.7797277,0.4003023,28.712872
Bookkeeper,1,8.453681,50.833332,33.554817,RandomForest,None,SMOTE,Threshold,190.0,74.0,27.0,10.0,0.719697,0.95,0.6086634,0.25775012,19.801981
Bookkeeper,1,8.453681,50.833332,33.554817,RandomForest,None,SMOTE,Learning,195.0,79.0,22.0,5.0,0.7116788,0.975,0.7716337,0.23553245,29.70297
Bookkeeper,1,8.453681,50.833332,33.554817,RandomForest,BestFirst,None,None,109.0,20.0,81.0,91.0,0.8449612,0.545,0.7833416,0.29555756,32.673267
Bookkeeper,1,8.453681,50.833332,33.554817,RandomForest,BestFirst,None,Threshold,189.0,62.0,39.0,11.0,0.75298804,0.945,0.6655693,0.37843344,24.752476
Bookkeeper,1,8.453681,50.833332,33.554817,RandomForest,BestFirst,None,Learning,183.0,53.0,48.0,17.0,0.7754237,0.915,0.75886136,0.42800522,28.712872
Bookkeeper,1,8.453681,50.833332,33.554817,RandomForest,BestFirst,Oversampling,None,163.0,38.0,63.0,37.0,0.8109453,0.815,0.7795544,0.4398402,31.683168
Bookkeeper,1,8.453681,50.833332,33.554817,RandomForest,BestFirst,Oversampling,Threshold,184.0,56.0,45.0,16.0,0.76666665,0.92,0.6827723,0.40526894,25.742575
Bookkeeper,1,8.453681,50.833332,33.554817,RandomForest,BestFirst,Oversampling,Learning,58.0,1.0,100.0,142.0,0.9830508,0.29,0.7545297,0.2081716,34.653465
Bookkeeper,1,8.453681,50.833332,33.554817,RandomForest,BestFirst,Undersampling,None,118.0,22.0,79.0,82.0,0.8428571,0.59,0.7816584,0.3244713,31.683168
Bookkeeper,1,8.453681,50.833332,33.554817,RandomForest,BestFirst,Undersampling,Threshold,187.0,65.0,36.0,13.0,0.74206346,0.935,0.6457178,0.33399522,21.782177
Bookkeeper,1,8.453681,50.833332,33.554817,RandomForest,BestFirst,Undersampling,Learning,140.0,36.0,65.0,60.0,0.79545456,0.7,0.72361386,0.324481,21.782177
Bookkeeper,1,8.453681,50.833332,33.554817,RandomForest,BestFirst,SMOTE,None,116.0,22.0,79.0,84.0,0.8405797,0.58,0.7814109,0.31440973,32.673267
Bookkeeper,1,8.453681,50.833332,33.554817,RandomForest,BestFirst,SMOTE,Threshold,186.0,58.0,43.0,14.0,0.76229507,0.93,0.6778713,0.39873487,23.762377
Bookkeeper,1,8.453681,50.833332,33.554817,RandomForest,BestFirst,SMOTE,Learning,185.0,56.0,45.0,15.0,0.76763487,0.925,0.7665346,0.41193143,27.722773
Bookkeeper,1,8.453681,50.833332,33.554817,RandomForest,BackwardSearch,None,None,109.0,20.0,81.0,91.0,0.8449612,0.545,0.7833416,0.29555756,32.673267
Bookkeeper,1,8.453681,50.833332,33.554817,RandomForest,BackwardSearch,None,Threshold,189.0,62.0,39.0,11.0,0.75298804,0.945,0.6655693,0.37843344,24.752476
Bookkeeper,1,8.453681,50.833332,33.554817,RandomForest,BackwardSearch,None,Learning,183.0,53.0,48.0,17.0,0.7754237,0.915,0.75886136,0.42800522,28.712872
Bookkeeper,1,8.453681,50.833332,33.554817,RandomForest,BackwardSearch,Oversampling,None,163.0,38.0,63.0,37.0,0.8109453,0.815,0.7795544,0.4398402,31.683168
Bookkeeper,1,8.453681,50.833332,33.554817,RandomForest,BackwardSearch,Oversampling,Threshold,184.0,56.0,45.0,16.0,0.76666665,0.92,0.6827723,0.40526894,25.742575
Bookkeeper,1,8.453681,50.833332,33.554817,RandomForest,BackwardSearch,Oversampling,Learning,58.0,1.0,100.0,142.0,0.9830508,0.29,0.7545297,0.2081716,34.653465
Bookkeeper,1,8.453681,50.833332,33.554817,RandomForest,BackwardSearch,Undersampling,None,118.0,22.0,79.0,82.0,0.8428571,0.59,0.7816584,0.3244713,31.683168
Bookkeeper,1,8.453681,50.833332,33.554817,RandomForest,BackwardSearch,Undersampling,Threshold,187.0,65.0,36.0,13.0,0.74206346,0.935,0.6457178,0.33399522,21.782177
Bookkeeper,1,8.453681,50.833332,33.554817,RandomForest,BackwardSearch,Undersampling,Learning,140.0,36.0,65.0,60.0,0.79545456,0.7,0.72361386,0.324481,21.782177
Bookkeeper,1,8.453681,50.833332,33.554817,RandomForest,BackwardSearch,SMOTE,None,116.0,22.0,79.0,84.0,0.8405797,0.58,0.7814109,0.31440973,32.673267
Bookkeeper,1,8.453681,50.833332,33.554817,RandomForest,BackwardSearch,SMOTE,Threshold,186.0,58.0,43.0,14.0,0.76229507,0.93,0.6778713,0.39873487,23.762377
Bookkeeper,1,8.453681,50.833332,33.554817,RandomForest,BackwardSearch,SMOTE,Learning,185.0,56.0,45.0,15.0,0.76763487,0.925,0.7665346,0.41193143,27.722773
Bookkeeper,1,8.453681,50.833332,33.554817,IBk,None,None,None,121.0,30.0,71.0,79.0,0.8013245,0.605,0.6547277,0.27495524,27.722773
Bookkeeper,1,8.453681,50.833332,33.554817,IBk,None,None,Threshold,121.0,30.0,71.0,79.0,0.8013245,0.605,0.65398514,0.27495524,27.722773
Bookkeeper,1,8.453681,50.833332,33.554817,IBk,None,None,Learning,121.0,30.0,71.0,79.0,0.8013245,0.605,0.6547277,0.27495524,27.722773
Bookkeeper,1,8.453681,50.833332,33.554817,IBk,None,Oversampling,None,125.0,26.0,75.0,75.0,0.8278146,0.625,0.6735644,0.32816955,30.69307
Bookkeeper,1,8.453681,50.833332,33.554817,IBk,None,Oversampling,Threshold,125.0,26.0,75.0,75.0,0.8278146,0.625,0.6837871,0.32816955,30.69307
Bookkeeper,1,8.453681,50.833332,33.554817,IBk,None,Oversampling,Learning,189.0,68.0,33.0,11.0,0.73540854,0.945,0.62351483,0.31585005,20.79208
Bookkeeper,1,8.453681,50.833332,33.554817,IBk,None,Undersampling,None,121.0,30.0,71.0,79.0,0.8013245,0.605,0.6547277,0.27495524,27.722773
Bookkeeper,1,8.453681,50.833332,33.554817,IBk,None,Undersampling,Threshold,121.0,30.0,71.0,79.0,0.8013245,0.605,0.65398514,0.27495524,27.722773
Bookkeeper,1,8.453681,50.833332,33.554817,IBk,None,Undersampling,Learning,11.0,8.0,93.0,189.0,0.57894737,0.055,0.48789603,-0.016769836,28.712872
Bookkeeper,1,8.453681,50.833332,33.554817,IBk,None,SMOTE,None,116.0,26.0,75.0,84.0,0.8169014,0.58,0.6619307,0.2824325,27.722773
Bookkeeper,1,8.453681,50.833332,33.554817,IBk,None,SMOTE,Threshold,116.0,26.0,75.0,84.0,0.8169014,0.58,0.6612871,0.2824325,27.722773
Bookkeeper,1,8.453681,50.833332,33.554817,IBk,None,SMOTE,Learning,196.0,99.0,2.0,4.0,0.6644068,0.98,0.37326732,-2.5810616E-4,24.752476
Bookkeeper,1,8.453681,50.833332,33.554817,IBk,BestFirst,None,None,123.0,29.0,72.0,77.0,0.80921054,0.615,0.6592822,0.29336464,29.70297
Bookkeeper,1,8.453681,50.833332,33.554817,IBk,BestFirst,None,Threshold,123.0,29.0,72.0,77.0,0.80921054,0.615,0.66393566,0.29336464,29.70297
Bookkeeper,1,8.453681,50.833332,33.554817,IBk,BestFirst,None,Learning,123.0,29.0,72.0,77.0,0.80921054,0.615,0.6592822,0.29336464,29.70297
Bookkeeper,1,8.453681,50.833332,33.554817,IBk,BestFirst,Oversampling,None,165.0,42.0,59.0,35.0,0.79710144,0.825,0.69665843,0.4162994,31.683168
Bookkeeper,1,8.453681,50.833332,33.554817,IBk,BestFirst,Oversampling,Threshold,165.0,42.0,59.0,35.0,0.79710144,0.825,0.70457923,0.4162994,32.673267
Bookkeeper,1,8.453681,50.833332,33.554817,IBk,BestFirst,Oversampling,Learning,95.0,25.0,76.0,105.0,0.7916667,0.475,0.64829206,0.1901904,24.752476
Bookkeeper,1,8.453681,50.833332,33.554817,IBk,BestFirst,Undersampling,None,123.0,29.0,72.0,77.0,0.80921054,0.615,0.6592822,0.29336464,29.70297
Bookkeeper,1,8.453681,50.833332,33.554817,IBk,BestFirst,Undersampling,Threshold,123.0,29.0,72.0,77.0,0.80921054,0.615,0.66393566,0.29336464,29.70297
Bookkeeper,1,8.453681,50.833332,33.554817,IBk,BestFirst,Undersampling,Learning,186.0,63.0,38.0,14.0,0.74698794,0.93,0.6531188,0.34802666,24.752476
Bookkeeper,1,8.453681,50.833332,33.554817,IBk,BestFirst,SMOTE,None,111.0,19.0,82.0,89.0,0.85384613,0.555,0.6788861,0.3131629,30.69307
Bookkeeper,1,8.453681,50.833332,33.554817,IBk,BestFirst,SMOTE,Threshold,111.0,19.0,82.0,89.0,0.85384613,0.555,0.68344057,0.3131629,30.69307
Bookkeeper,1,8.453681,50.833332,33.554817,IBk,BestFirst,SMOTE,Learning,195.0,71.0,30.0,5.0,0.7330827,0.975,0.5983416,0.32451427,18.811882
Bookkeeper,1,8.453681,50.833332,33.554817,IBk,BackwardSearch,None,None,123.0,29.0,72.0,77.0,0.80921054,0.615,0.6592822,0.29336464,29.70297
Bookkeeper,1,8.453681,50.833332,33.554817,IBk,BackwardSearch,None,Threshold,123.0,29.0,72.0,77.0,0.80921054,0.615,0.66393566,0.29336464,29.70297
Bookkeeper,1,8.453681,50.833332,33.554817,IBk,BackwardSearch,None,Learning,123.0,29.0,72.0,77.0,0.80921054,0.615,0.6592822,0.29336464,29.70297
Bookkeeper,1,8.453681,50.833332,33.554817,IBk,BackwardSearch,Oversampling,None,165.0,42.0,59.0,35.0,0.79710144,0.825,0.69665843,0.4162994,31.683168
Bookkeeper,1,8.453681,50.833332,33.554817,IBk,BackwardSearch,Oversampling,Threshold,165.0,42.0,59.0,35.0,0.79710144,0.825,0.70457923,0.4162994,32.673267
Bookkeeper,1,8.453681,50.833332,33.554817,IBk,BackwardSearch,Oversampling,Learning,95.0,25.0,76.0,105.0,0.7916667,0.475,0.64829206,0.1901904,24.752476
Bookkeeper,1,8.453681,50.833332,33.554817,IBk,BackwardSearch,Undersampling,None,123.0,29.0,72.0,77.0,0.80921054,0.615,0.6592822,0.29336464,29.70297
Bookkeeper,1,8.453681,50.833332,33.554817,IBk,BackwardSearch,Undersampling,Threshold,123.0,29.0,72.0,77.0,0.80921054,0.615,0.66393566,0.29336464,29.70297
Bookkeeper,1,8.453681,50.833332,33.554817,IBk,BackwardSearch,Undersampling,Learning,186.0,63.0,38.0,14.0,0.74698794,0.93,0.6531188,0.34802666,24.752476
Bookkeeper,1,8.453681,50.833332,33.554817,IBk,BackwardSearch,SMOTE,None,111.0,19.0,82.0,89.0,0.85384613,0.555,0.6788861,0.3131629,30.69307
Bookkeeper,1,8.453681,50.833332,33.554817,IBk,BackwardSearch,SMOTE,Threshold,111.0,19.0,82.0,89.0,0.85384613,0.555,0.68344057,0.3131629,30.69307
Bookkeeper,1,8.453681,50.833332,33.554817,IBk,BackwardSearch,SMOTE,Learning,195.0,71.0,30.0,5.0,0.7330827,0.975,0.5983416,0.32451427,18.811882
Bookkeeper,2,19.056005,41.219963,0.6833713,NaiveBayes,None,None,None,350.0,2.0,1.0,86.0,0.9943182,0.8027523,0.6796636,0.009131014,33.333336
Bookkeeper,2,19.056005,41.219963,0.6833713,NaiveBayes,None,None,Threshold,356.0,2.0,1.0,80.0,0.99441344,0.8165138,0.5749236,0.01077219,33.333336
Bookkeeper,2,19.056005,41.219963,0.6833713,NaiveBayes,None,None,Learning,356.0,2.0,1.0,80.0,0.99441344,0.8165138,0.6796636,0.01077219,33.333336
Bookkeeper,2,19.056005,41.219963,0.6833713,NaiveBayes,None,Oversampling,None,330.0,2.0,1.0,106.0,0.9939759,0.75688076,0.70412844,0.0049529886,33.333336
Bookkeeper,2,19.056005,41.219963,0.6833713,NaiveBayes,None,Oversampling,Threshold,345.0,2.0,1.0,91.0,0.9942363,0.7912844,0.56230885,0.007921658,33.333336
Bookkeeper,2,19.056005,41.219963,0.6833713,NaiveBayes,None,Oversampling,Learning,303.0,1.0,2.0,133.0,0.99671054,0.69495416,0.71330273,0.015826808,66.66667
Bookkeeper,2,19.056005,41.219963,0.6833713,NaiveBayes,None,Undersampling,None,353.0,2.0,1.0,83.0,0.99436617,0.809633,0.6796636,0.00992332,33.333336
Bookkeeper,2,19.056005,41.219963,0.6833713,NaiveBayes,None,Undersampling,Threshold,360.0,3.0,0.0,76.0,0.9917355,0.82568806,0.41284403,-0.013323594,0.0
Bookkeeper,2,19.056005,41.219963,0.6833713,NaiveBayes,None,Undersampling,Learning,296.0,1.0,2.0,140.0,0.996633,0.6788991,0.74464834,0.014394217,66.66667
Bookkeeper,2,19.056005,41.219963,0.6833713,NaiveBayes,None,SMOTE,None,342.0,2.0,1.0,94.0,0.99418604,0.7844037,0.68272173,0.007255253,33.333336
Bookkeeper,2,19.056005,41.219963,0.6833713,NaiveBayes,None,SMOTE,Threshold,347.0,2.0,1.0,89.0,0.9942693,0.79587156,0.56460243,0.008389804,33.333336
Bookkeeper,2,19.056005,41.219963,0.6833713,NaiveBayes,None,SMOTE,Learning,346.0,2.0,1.0,90.0,0.99425286,0.79357797,0.68501526,0.008153242,33.333336
Bookkeeper,2,19.056005,41.219963,0.6833713,NaiveBayes,BestFirst,None,None,323.0,1.0,2.0,113.0,0.99691355,0.7408257,0.65634555,0.020856159,33.333336
Bookkeeper,2,19.056005,41.219963,0.6833713,NaiveBayes,BestFirst,None,Threshold,353.0,2.0,1.0,83.0,0.99436617,0.809633,0.5714832,0.00992332,33.333336
Bookkeeper,2,19.056005,41.219963,0.6833713,NaiveBayes,BestFirst,None,Learning,353.0,2.0,1.0,83.0,0.99436617,0.809633,0.65634555,0.00992332,33.333336
Bookkeeper,2,19.056005,41.219963,0.6833713,NaiveBayes,BestFirst,Oversampling,None,337.0,2.0,1.0,99.0,0.9941003,0.7729358,0.66360855,0.006230809,33.333336
Bookkeeper,2,19.056005,41.219963,0.6833713,NaiveBayes,BestFirst,Oversampling,Threshold,361.0,2.0,1.0,75.0,0.9944904,0.82798165,0.5806575,0.012330168,33.333336
Bookkeeper,2,19.056005,41.219963,0.6833713,NaiveBayes,BestFirst,Oversampling,Learning,299.0,1.0,2.0,137.0,0.99666667,0.6857798,0.7201835,0.014990895,66.66667
Bookkeeper,2,19.056005,41.219963,0.6833713,NaiveBayes,BestFirst,Undersampling,None,322.0,1.0,2.0,114.0,0.996904,0.7385321,0.6513761,0.020564556,66.66667
Bookkeeper,2,19.056005,41.219963,0.6833713,NaiveBayes,BestFirst,Undersampling,Threshold,354.0,2.0,1.0,82.0,0.994382,0.8119266,0.57263,0.0101997,33.333336
Bookkeeper,2,19.056005,41.219963,0.6833713,NaiveBayes,BestFirst,Undersampling,Learning,345.0,2.0,1.0,91.0,0.9942363,0.7912844,0.67813456,0.007921658,33.333336
Bookkeeper,2,19.056005,41.219963,0.6833713,NaiveBayes,BestFirst,SMOTE,None,312.0,1.0,2.0,124.0,0.99680513,0.7155963,0.7159786,0.017897092,66.66667
Bookkeeper,2,19.056005,41.219963,0.6833713,NaiveBayes,BestFirst,SMOTE,Threshold,342.0,2.0,1.0,94.0,0.99418604,0.7844037,0.5588685,0.007255253,33.333336
Bookkeeper,2,19.056005,41.219963,0.6833713,NaiveBayes,BestFirst,SMOTE,Learning,300.0,1.0,2.0,136.0,0.99667776,0.6880734,0.7224771,0.015195428,66.66667
Bookkeeper,2,19.056005,41.219963,0.6833713,NaiveBayes,BackwardSearch,None,None,323.0,1.0,2.0,113.0,0.99691355,0.7408257,0.65634555,0.020856159,33.333336
Bookkeeper,2,19.056005,41.219963,0.6833713,NaiveBayes,BackwardSearch,None,Threshold,353.0,2.0,1.0,83.0,0.99436617,0.809633,0.5714832,0.00992332,33.333336
Bookkeeper,2,19.056005,41.219963,0.6833713,NaiveBayes,BackwardSearch,None,Learning,353.0,2.0,1.0,83.0,0.99436617,0.809633,0.65634555,0.00992332,33.333336
Bookkeeper,2,19.056005,41.219963,0.6833713,NaiveBayes,BackwardSearch,Oversampling,None,337.0,2.0,1.0,99.0,0.9941003,0.7729358,0.66360855,0.006230809,33.333336
Bookkeeper,2,19.056005,41.219963,0.6833713,NaiveBayes,BackwardSearch,Oversampling,Threshold,361.0,2.0,1.0,75.0,0.9944904,0.82798165,0.5806575,0.012330168,33.333336
Bookkeeper,2,19.056005,41.219963,0.6833713,NaiveBayes,BackwardSearch,Oversampling,Learning,299.0,1.0,2.0,137.0,0.99666667,0.6857798,0.7201835,0.014990895,66.66667
Bookkeeper,2,19.056005,41.219963,0.6833713,NaiveBayes,BackwardSearch,Undersampling,None,322.0,1.0,2.0,114.0,0.996904,0.7385321,0.6513761,0.020564556,66.66667
Bookkeeper,2,19.056005,41.219963,0.6833713,NaiveBayes,BackwardSearch,Undersampling,Threshold,354.0,2.0,1.0,82.0,0.994382,0.8119266,0.57263,0.0101997,33.333336
Bookkeeper,2,19.056005,41.219963,0.6833713,NaiveBayes,BackwardSearch,Undersampling,Learning,345.0,2.0,1.0,91.0,0.9942363,0.7912844,0.67813456,0.007921658,33.333336
Bookkeeper,2,19.056005,41.219963,0.6833713,NaiveBayes,BackwardSearch,SMOTE,None,312.0,1.0,2.0,124.0,0.99680513,0.7155963,0.7159786,0.017897092,66.66667
Bookkeeper,2,19.056005,41.219963,0.6833713,NaiveBayes,BackwardSearch,SMOTE,Threshold,342.0,2.0,1.0,94.0,0.99418604,0.7844037,0.5588685,0.007255253,33.333336
Bookkeeper,2,19.056005,41.219963,0.6833713,NaiveBayes,BackwardSearch,SMOTE,Learning,300.0,1.0,2.0,136.0,0.99667776,0.6880734,0.7224771,0.015195428,66.66667
Bookkeeper,2,19.056005,41.219963,0.6833713,RandomForest,None,None,None,253.0,1.0,2.0,183.0,0.996063,0.58027524,0.7415902,0.007933973,66.66667
Bookkeeper,2,19.056005,41.219963,0.6833713,RandomForest,None,None,Threshold,385.0,1.0,2.0,51.0,0.99740934,0.8830275,0.7748471,0.05925987,66.66667
Bookkeeper,2,19.056005,41.219963,0.6833713,RandomForest,None,None,Learning,371.0,2.0,1.0,65.0,0.9946381,0.85091746,0.7335627,0.016123097,66.66667
Bookkeeper,2,19.056005,41.219963,0.6833713,RandomForest,None,Oversampling,None,207.0,0.0,3.0,229.0,1.0,0.47477064,0.89105505,0.01220363,100.0
Bookkeeper,2,19.056005,41.219963,0.6833713,RandomForest,None,Oversampling,Threshold,372.0,1.0,2.0,64.0,0.99731904,0.853211,0.75993884,0.045492556,66.66667
Bookkeeper,2,19.056005,41.219963,0.6833713,RandomForest,None,Oversampling,Learning,302.0,1.0,2.0,134.0,0.9966997,0.69266057,0.8119266,0.015613321,100.0
Bookkeeper,2,19.056005,41.219963,0.6833713,RandomForest,None,Undersampling,None,202.0,0.0,3.0,234.0,1.0,0.46330276,0.7534404,0.0116607975,66.66667
Bookkeeper,2,19.056005,41.219963,0.6833713,RandomForest,None,Undersampling,Threshold,386.0,3.0,0.0,50.0,0.99228793,0.8853211,0.44266054,-0.01306222,0.0
Bookkeeper,2,19.056005,41.219963,0.6833713,RandomForest,None,Undersampling,Learning,176.0,0.0,3.0,260.0,1.0,0.40366971,0.76605505,0.009166985,66.66667
Bookkeeper,2,19.056005,41.219963,0.6833713,RandomForest,None,SMOTE,None,250.0,1.0,2.0,186.0,0.99601597,0.5733945,0.79816514,0.0075917845,66.66667
Bookkeeper,2,19.056005,41.219963,0.6833713,RandomForest,None,SMOTE,Threshold,379.0,1.0,2.0,57.0,0.9973684,0.86926603,0.7679664,0.052188803,66.66667
Bookkeeper,2,19.056005,41.219963,0.6833713,RandomForest,None,SMOTE,Learning,344.0,2.0,1.0,92.0,0.99421966,0.78899086,0.7461774,0.0076948972,66.66667
Bookkeeper,2,19.056005,41.219963,0.6833713,RandomForest,BestFirst,None,None,241.0,1.0,2.0,195.0,0.9958678,0.5527523,0.71827215,0.0066267983,66.66667
Bookkeeper,2,19.056005,41.219963,0.6833713,RandomForest,BestFirst,None,Threshold,374.0,2.0,1.0,62.0,0.9946808,0.85779816,0.59556574,0.017484963,33.333336
Bookkeeper,2,19.056005,41.219963,0.6833713,RandomForest,BestFirst,None,Learning,375.0,3.0,0.0,61.0,0.99206346,0.86009175,0.7094801,-0.013198702,66.66667
Bookkeeper,2,19.056005,41.219963,0.6833713,RandomForest,BestFirst,Oversampling,None,210.0,1.0,2.0,226.0,0.99526066,0.48165137,0.6750764,0.0038784097,66.66667
Bookkeeper,2,19.056005,41.219963,0.6833713,RandomForest,BestFirst,Oversampling,Threshold,348.0,2.0,1.0,88.0,0.9942857,0.79816514,0.5657492,0.008631505,33.333336
Bookkeeper,2,19.056005,41.219963,0.6833713,RandomForest,BestFirst,Oversampling,Learning,305.0,2.0,1.0,131.0,0.99348533,0.6995413,0.7087156,0.0014707643,33.333336
Bookkeeper,2,19.056005,41.219963,0.6833713,RandomForest,BestFirst,Undersampling,None,210.0,0.0,3.0,226.0,1.0,0.48165137,0.78746176,0.012540557,100.0
Bookkeeper,2,19.056005,41.219963,0.6833713,RandomForest,BestFirst,Undersampling,Threshold,372.0,2.0,1.0,64.0,0.9946524,0.853211,0.59327215,0.01656371,33.333336
Bookkeeper,2,19.056005,41.219963,0.6833713,RandomForest,BestFirst,Undersampling,Learning,198.0,0.0,3.0,238.0,1.0,0.45412844,0.5680428,0.011242548,33.333336
Bookkeeper,2,19.056005,41.219963,0.6833713,RandomForest,BestFirst,SMOTE,None,241.0,1.0,2.0,195.0,0.9958678,0.5527523,0.74464834,0.0066267983,100.0
Bookkeeper,2,19.056005,41.219963,0.6833713,RandomForest,BestFirst,SMOTE,Threshold,363.0,2.0,1.0,73.0,0.99452055,0.8325688,0.58295107,0.013009982,33.333336
Bookkeeper,2,19.056005,41.219963,0.6833713,RandomForest,BestFirst,SMOTE,Learning,325.0,1.0,2.0,111.0,0.9969325,0.7454128,0.7668196,0.021454444,66.66667
Bookkeeper,2,19.056005,41.219963,0.6833713,RandomForest,BackwardSearch,None,None,241.0,1.0,2.0,195.0,0.9958678,0.5527523,0.71827215,0.0066267983,66.66667
Bookkeeper,2,19.056005,41.219963,0.6833713,RandomForest,BackwardSearch,None,Threshold,374.0,2.0,1.0,62.0,0.9946808,0.85779816,0.59556574,0.017484963,33.333336
Bookkeeper,2,19.056005,41.219963,0.6833713,RandomForest,BackwardSearch,None,Learning,375.0,3.0,0.0,61.0,0.99206346,0.86009175,0.7094801,-0.013198702,66.66667
Bookkeeper,2,19.056005,41.219963,0.6833713,RandomForest,BackwardSearch,Oversampling,None,210.0,1.0,2.0,226.0,0.99526066,0.48165137,0.6750764,0.0038784097,66.66667
Bookkeeper,2,19.056005,41.219963,0.6833713,RandomForest,BackwardSearch,Oversampling,Threshold,348.0,2.0,1.0,88.0,0.9942857,0.79816514,0.5657492,0.008631505,33.333336
Bookkeeper,2,19.056005,41.219963,0.6833713,RandomForest,BackwardSearch,Oversampling,Learning,305.0,2.0,1.0,131.0,0.99348533,0.6995413,0.7087156,0.0014707643,33.333336
Bookkeeper,2,19.056005,41.219963,0.6833713,RandomForest,BackwardSearch,Undersampling,None,210.0,0.0,3.0,226.0,1.0,0.48165137,0.78746176,0.012540557,100.0
Bookkeeper,2,19.056005,41.219963,0.6833713,RandomForest,BackwardSearch,Undersampling,Threshold,372.0,2.0,1.0,64.0,0.9946524,0.853211,0.59327215,0.01656371,33.333336
Bookkeeper,2,19.056005,41.219963,0.6833713,RandomForest,BackwardSearch,Undersampling,Learning,198.0,0.0,3.0,238.0,1.0,0.45412844,0.5680428,0.011242548,33.333336
Bookkeeper,2,19.056005,41.219963,0.6833713,RandomForest,BackwardSearch,SMOTE,None,241.0,1.0,2.0,195.0,0.9958678,0.5527523,0.74464834,0.0066267983,100.0
Bookkeeper,2,19.056005,41.219963,0.6833713,RandomForest,BackwardSearch,SMOTE,Threshold,363.0,2.0,1.0,73.0,0.99452055,0.8325688,0.58295107,0.013009982,33.333336
Bookkeeper,2,19.056005,41.219963,0.6833713,RandomForest,BackwardSearch,SMOTE,Learning,325.0,1.0,2.0,111.0,0.9969325,0.7454128,0.7668196,0.021454444,66.66667
Bookkeeper,2,19.056005,41.219963,0.6833713,IBk,None,None,None,263.0,3.0,0.0,173.0,0.9887218,0.603211,0.37041286,-0.013617401,0.0
Bookkeeper,2,19.056005,41.219963,0.6833713,IBk,None,None,Threshold,268.0,3.0,0.0,168.0,0.98892987,0.6146789,0.30733946,-0.013610402,0.0
Bookkeeper,2,19.056005,41.219963,0.6833713,IBk,None,None,Learning,268.0,3.0,0.0,168.0,0.98892987,0.6146789,0.37041286,-0.013610402,0.0
Bookkeeper,2,19.056005,41.219963,0.6833713,IBk,None,Oversampling,None,209.0,0.0,3.0,227.0,1.0,0.4793578,0.7236239,0.012427284,66.66667
Bookkeeper,2,19.056005,41.219963,0.6833713,IBk,None,Oversampling,Threshold,211.0,0.0,3.0,225.0,1.0,0.48394495,0.7419725,0.012654811,66.66667
Bookkeeper,2,19.056005,41.219963,0.6833713,IBk,None,Oversampling,Learning,335.0,1.0,2.0,101.0,0.9970238,0.76834863,0.6368502,0.024784388,66.66667
Bookkeeper,2,19.056005,41.219963,0.6833713,IBk,None,Undersampling,None,236.0,3.0,0.0,200.0,0.9874477,0.5412844,0.3325688,-0.013649237,0.0
Bookkeeper,2,19.056005,41.219963,0.6833713,IBk,None,Undersampling,Threshold,243.0,3.0,0.0,193.0,0.9878049,0.55733943,0.27866971,-0.013641826,0.0
Bookkeeper,2,19.056005,41.219963,0.6833713,IBk,None,Undersampling,Learning,269.0,3.0,0.0,167.0,0.9889706,0.6169725,0.3130734,-0.013608953,0.0
Bookkeeper,2,19.056005,41.219963,0.6833713,IBk,None,SMOTE,None,288.0,3.0,0.0,148.0,0.9896907,0.6605505,0.39449543,-0.013577774,0.0
Bookkeeper,2,19.056005,41.219963,0.6833713,IBk,None,SMOTE,Threshold,293.0,3.0,0.0,143.0,0.9898649,0.67201835,0.33600917,-0.013568221,0.0
Bookkeeper,2,19.056005,41.219963,0.6833713,IBk,None,SMOTE,Learning,353.0,3.0,0.0,83.0,0.99157304,0.809633,0.47247708,-0.013366975,0.0
Bookkeeper,2,19.056005,41.219963,0.6833713,IBk,BestFirst,None,None,236.0,1.0,2.0,200.0,0.9957806,0.5412844,0.639526,0.0061272993,66.66667
Bookkeeper,2,19.056005,41.219963,0.6833713,IBk,BestFirst,None,Threshold,249.0,1.0,2.0,187.0,0.996,0.5711009,0.6188838,0.007480097,66.66667
Bookkeeper,2,19.056005,41.219963,0.6833713,IBk,BestFirst,None,Learning,249.0,1.0,2.0,187.0,0.996,0.5711009,0.639526,0.007480097,66.66667
Bookkeeper,2,19.056005,41.219963,0.6833713,IBk,BestFirst,Oversampling,None,212.0,1.0,2.0,224.0,0.9953052,0.48623854,0.56880736,0.0040332745,66.66667
Bookkeeper,2,19.056005,41.219963,0.6833713,IBk,BestFirst,Oversampling,Threshold,215.0,1.0,2.0,221.0,0.9953704,0.49311927,0.579893,0.00427071,66.66667
Bookkeeper,2,19.056005,41.219963,0.6833713,IBk,BestFirst,Oversampling,Learning,292.0,2.0,1.0,144.0,0.99319726,0.66972476,0.3727064,1.248011E-4,33.333336
Bookkeeper,2,19.056005,41.219963,0.6833713,IBk,BestFirst,Undersampling,None,222.0,1.0,2.0,214.0,0.9955157,0.5091743,0.62079513,0.0048500183,66.66667
Bookkeeper,2,19.056005,41.219963,0.6833713,IBk,BestFirst,Undersampling,Threshold,238.0,1.0,2.0,198.0,0.9958159,0.54587156,0.6062691,0.0063241464,66.66667
Bookkeeper,2,19.056005,41.219963,0.6833713,IBk,BestFirst,Undersampling,Learning,219.0,0.0,3.0,217.0,1.0,0.5022936,0.70412844,0.013605724,66.66667
Bookkeeper,2,19.056005,41.219963,0.6833713,IBk,BestFirst,SMOTE,None,233.0,1.0,2.0,203.0,0.99572647,0.5344037,0.6357034,0.0058391243,66.66667
Bookkeeper,2,19.056005,41.219963,0.6833713,IBk,BestFirst,SMOTE,Threshold,246.0,1.0,2.0,190.0,0.9959514,0.5642202,0.6154434,0.007151907,66.66667
Bookkeeper,2,19.056005,41.219963,0.6833713,IBk,BestFirst,SMOTE,Learning,307.0,1.0,2.0,129.0,0.9967533,0.70412844,0.6678135,0.016712612,66.66667
Bookkeeper,2,19.056005,41.219963,0.6833713,IBk,BackwardSearch,None,None,236.0,1.0,2.0,200.0,0.9957806,0.5412844,0.639526,0.0061272993,66.66667
Bookkeeper,2,19.056005,41.219963,0.6833713,IBk,BackwardSearch,None,Threshold,249.0,1.0,2.0,187.0,0.996,0.5711009,0.6188838,0.007480097,66.66667
Bookkeeper,2,19.056005,41.219963,0.6833713,IBk,BackwardSearch,None,Learning,249.0,1.0,2.0,187.0,0.996,0.5711009,0.639526,0.007480097,66.66667
Bookkeeper,2,19.056005,41.219963,0.6833713,IBk,BackwardSearch,Oversampling,None,212.0,1.0,2.0,224.0,0.9953052,0.48623854,0.56880736,0.0040332745,66.66667
Bookkeeper,2,19.056005,41.219963,0.6833713,IBk,BackwardSearch,Oversampling,Threshold,215.0,1.0,2.0,221.0,0.9953704,0.49311927,0.579893,0.00427071,66.66667
Bookkeeper,2,19.056005,41.219963,0.6833713,IBk,BackwardSearch,Oversampling,Learning,292.0,2.0,1.0,144.0,0.99319726,0.66972476,0.3727064,1.248011E-4,33.333336
Bookkeeper,2,19.056005,41.219963,0.6833713,IBk,BackwardSearch,Undersampling,None,222.0,1.0,2.0,214.0,0.9955157,0.5091743,0.62079513,0.0048500183,66.66667
Bookkeeper,2,19.056005,41.219963,0.6833713,IBk,BackwardSearch,Undersampling,Threshold,238.0,1.0,2.0,198.0,0.9958159,0.54587156,0.6062691,0.0063241464,66.66667
Bookkeeper,2,19.056005,41.219963,0.6833713,IBk,BackwardSearch,Undersampling,Learning,219.0,0.0,3.0,217.0,1.0,0.5022936,0.70412844,0.013605724,66.66667
Bookkeeper,2,19.056005,41.219963,0.6833713,IBk,BackwardSearch,SMOTE,None,233.0,1.0,2.0,203.0,0.99572647,0.5344037,0.6357034,0.0058391243,66.66667
Bookkeeper,2,19.056005,41.219963,0.6833713,IBk,BackwardSearch,SMOTE,Threshold,246.0,1.0,2.0,190.0,0.9959514,0.5642202,0.6154434,0.007151907,66.66667
Bookkeeper,2,19.056005,41.219963,0.6833713,IBk,BackwardSearch,SMOTE,Learning,307.0,1.0,2.0,129.0,0.9967533,0.70412844,0.6678135,0.016712612,66.66667
Bookkeeper,3,34.519196,23.061224,11.035654,NaiveBayes,None,None,None,482.0,65.0,0.0,42.0,0.88117003,0.9198473,0.5618321,-0.0948526,0.0
Bookkeeper,3,34.519196,23.061224,11.035654,NaiveBayes,None,None,Threshold,485.0,65.0,0.0,39.0,0.8818182,0.9255725,0.46278626,-0.090236,15.384616
Bookkeeper,3,34.519196,23.061224,11.035654,NaiveBayes,None,None,Learning,485.0,65.0,0.0,39.0,0.8818182,0.9255725,0.5618321,-0.090236,0.0
Bookkeeper,3,34.519196,23.061224,11.035654,NaiveBayes,None,Oversampling,None,404.0,63.0,2.0,120.0,0.86509633,0.77099234,0.5713887,-0.14322837,0.0
Bookkeeper,3,34.519196,23.061224,11.035654,NaiveBayes,None,Oversampling,Threshold,453.0,65.0,0.0,71.0,0.8745174,0.8645038,0.4322519,-0.13023111,7.692308
Bookkeeper,3,34.519196,23.061224,11.035654,NaiveBayes,None,Oversampling,Learning,429.0,58.0,7.0,95.0,0.8809035,0.8187023,0.5483265,-0.05891684,0.0
Bookkeeper,3,34.519196,23.061224,11.035654,NaiveBayes,None,Undersampling,None,459.0,64.0,1.0,65.0,0.87762904,0.8759542,0.5351585,-0.107933916,3.0769231
Bookkeeper,3,34.519196,23.061224,11.035654,NaiveBayes,None,Undersampling,Threshold,469.0,64.0,1.0,55.0,0.87992495,0.8950382,0.4552114,-0.09536014,1.5384616
Bookkeeper,3,34.519196,23.061224,11.035654,NaiveBayes,None,Undersampling,Learning,481.0,59.0,6.0,43.0,0.89074075,0.91793895,0.60192305,0.011484796,7.692308
Bookkeeper,3,34.519196,23.061224,11.035654,NaiveBayes,None,SMOTE,None,458.0,65.0,0.0,66.0,0.87571704,0.8740458,0.52673227,-0.12511119,0.0
Bookkeeper,3,34.519196,23.061224,11.035654,NaiveBayes,None,SMOTE,Threshold,478.0,65.0,0.0,46.0,0.8802947,0.91221374,0.45610687,-0.1006751,13.846154
Bookkeeper,3,34.519196,23.061224,11.035654,NaiveBayes,None,SMOTE,Learning,350.0,52.0,13.0,174.0,0.8706468,0.66793895,0.44638872,-0.07247941,13.846154
Bookkeeper,3,34.519196,23.061224,11.035654,NaiveBayes,BestFirst,None,None,380.0,65.0,0.0,144.0,0.85393256,0.7251908,0.5598796,-0.17934299,3.0769231
Bookkeeper,3,34.519196,23.061224,11.035654,NaiveBayes,BestFirst,None,Threshold,524.0,65.0,0.0,0.0,0.8896435,1.0,0.5,0.0,50.769234
Bookkeeper,3,34.519196,23.061224,11.035654,NaiveBayes,BestFirst,None,Learning,524.0,65.0,0.0,0.0,0.8896435,1.0,0.5598796,0.0,0.0
Bookkeeper,3,34.519196,23.061224,11.035654,NaiveBayes,BestFirst,Oversampling,None,404.0,43.0,22.0,120.0,0.9038031,0.77099234,0.65980625,0.07206441,3.0769231
Bookkeeper,3,34.519196,23.061224,11.035654,NaiveBayes,BestFirst,Oversampling,Threshold,472.0,53.0,12.0,52.0,0.8990476,0.90076333,0.5426894,0.08595794,10.769231
Bookkeeper,3,34.519196,23.061224,11.035654,NaiveBayes,BestFirst,Oversampling,Learning,403.0,43.0,22.0,121.0,0.90358746,0.769084,0.64931005,0.07049518,7.692308
Bookkeeper,3,34.519196,23.061224,11.035654,NaiveBayes,BestFirst,Undersampling,None,472.0,55.0,10.0,52.0,0.89563566,0.90076333,0.5499706,0.05573618,1.5384616
Bookkeeper,3,34.519196,23.061224,11.035654,NaiveBayes,BestFirst,Undersampling,Threshold,498.0,58.0,7.0,26.0,0.89568347,0.9503817,0.529037,0.07403803,10.769231
Bookkeeper,3,34.519196,23.061224,11.035654,NaiveBayes,BestFirst,Undersampling,Learning,410.0,33.0,32.0,114.0,0.9255079,0.78244275,0.69571346,0.17774148,9.230769
Bookkeeper,3,34.519196,23.061224,11.035654,NaiveBayes,BestFirst,SMOTE,None,349.0,55.0,10.0,175.0,0.8638614,0.6660305,0.5105696,-0.09959415,9.230769
Bookkeeper,3,34.519196,23.061224,11.035654,NaiveBayes,BestFirst,SMOTE,Threshold,524.0,65.0,0.0,0.0,0.8896435,1.0,0.5,0.0,50.769234
Bookkeeper,3,34.519196,23.061224,11.035654,NaiveBayes,BestFirst,SMOTE,Learning,393.0,65.0,0.0,131.0,0.8580786,0.75,0.44577217,-0.17304449,7.692308
Bookkeeper,3,34.519196,23.061224,11.035654,NaiveBayes,BackwardSearch,None,None,380.0,65.0,0.0,144.0,0.85393256,0.7251908,0.5598796,-0.17934299,3.0769231
Bookkeeper,3,34.519196,23.061224,11.035654,NaiveBayes,BackwardSearch,None,Threshold,524.0,65.0,0.0,0.0,0.8896435,1.0,0.5,0.0,50.769234
Bookkeeper,3,34.519196,23.061224,11.035654,NaiveBayes,BackwardSearch,None,Learning,524.0,65.0,0.0,0.0,0.8896435,1.0,0.5598796,0.0,0.0
Bookkeeper,3,34.519196,23.061224,11.035654,NaiveBayes,BackwardSearch,Oversampling,None,404.0,43.0,22.0,120.0,0.9038031,0.77099234,0.65980625,0.07206441,3.0769231
Bookkeeper,3,34.519196,23.061224,11.035654,NaiveBayes,BackwardSearch,Oversampling,Threshold,472.0,53.0,12.0,52.0,0.8990476,0.90076333,0.5426894,0.08595794,10.769231
Bookkeeper,3,34.519196,23.061224,11.035654,NaiveBayes,BackwardSearch,Oversampling,Learning,403.0,43.0,22.0,121.0,0.90358746,0.769084,0.64931005,0.07049518,7.692308
Bookkeeper,3,34.519196,23.061224,11.035654,NaiveBayes,BackwardSearch,Undersampling,None,472.0,55.0,10.0,52.0,0.89563566,0.90076333,0.5499706,0.05573618,1.5384616
Bookkeeper,3,34.519196,23.061224,11.035654,NaiveBayes,BackwardSearch,Undersampling,Threshold,498.0,58.0,7.0,26.0,0.89568347,0.9503817,0.529037,0.07403803,10.769231
Bookkeeper,3,34.519196,23.061224,11.035654,NaiveBayes,BackwardSearch,Undersampling,Learning,410.0,33.0,32.0,114.0,0.9255079,0.78244275,0.69571346,0.17774148,9.230769
Bookkeeper,3,34.519196,23.061224,11.035654,NaiveBayes,BackwardSearch,SMOTE,None,349.0,55.0,10.0,175.0,0.8638614,0.6660305,0.5105696,-0.09959415,9.230769
Bookkeeper,3,34.519196,23.061224,11.035654,NaiveBayes,BackwardSearch,SMOTE,Threshold,524.0,65.0,0.0,0.0,0.8896435,1.0,0.5,0.0,50.769234
Bookkeeper,3,34.519196,23.061224,11.035654,NaiveBayes,BackwardSearch,SMOTE,Learning,393.0,65.0,0.0,131.0,0.8580786,0.75,0.44577217,-0.17304449,7.692308
Bookkeeper,3,34.519196,23.061224,11.035654,RandomForest,None,None,None,436.0,55.0,10.0,88.0,0.8879837,0.83206105,0.5499266,-0.011529177,12.307693
Bookkeeper,3,34.519196,23.061224,11.035654,RandomForest,None,None,Threshold,524.0,65.0,0.0,0.0,0.8896435,1.0,0.5,0.0,50.769234
Bookkeeper,3,34.519196,23.061224,11.035654,RandomForest,None,None,Learning,512.0,65.0,0.0,12.0,0.88734835,0.97709924,0.53354377,-0.03562213,4.6153846
Bookkeeper,3,34.519196,23.061224,11.035654,RandomForest,None,Oversampling,None,312.0,32.0,33.0,212.0,0.90697676,0.5954198,0.56331474,0.046596788,13.846154
Bookkeeper,3,34.519196,23.061224,11.035654,RandomForest,None,Oversampling,Threshold,523.0,65.0,0.0,1.0,0.8894558,0.9980916,0.4990458,-0.0033553583,50.769234
Bookkeeper,3,34.519196,23.061224,11.035654,RandomForest,None,Oversampling,Learning,354.0,40.0,25.0,170.0,0.89847714,0.6755725,0.6575455,0.032083888,21.538462
Bookkeeper,3,34.519196,23.061224,11.035654,RandomForest,None,Undersampling,None,311.0,49.0,16.0,213.0,0.86388886,0.59351146,0.5012478,-0.0761667,13.846154
Bookkeeper,3,34.519196,23.061224,11.035654,RandomForest,None,Undersampling,Threshold,511.0,64.0,1.0,13.0,0.88869566,0.9751908,0.49528772,-0.014358883,49.23077
Bookkeeper,3,34.519196,23.061224,11.035654,RandomForest,None,Undersampling,Learning,365.0,30.0,35.0,159.0,0.9240506,0.6965649,0.663256,0.12573528,13.846154
Bookkeeper,3,34.519196,23.061224,11.035654,RandomForest,None,SMOTE,None,393.0,51.0,14.0,131.0,0.8851351,0.75,0.55331767,-0.022491416,18.461538
Bookkeeper,3,34.519196,23.061224,11.035654,RandomForest,None,SMOTE,Threshold,518.0,65.0,0.0,6.0,0.8885077,0.9885496,0.4942748,-0.019006312,50.769234
Bookkeeper,3,34.519196,23.061224,11.035654,RandomForest,None,SMOTE,Learning,474.0,62.0,3.0,50.0,0.88432837,0.9045802,0.45305344,-0.05359995,6.1538463
Bookkeeper,3,34.519196,23.061224,11.035654,RandomForest,BestFirst,None,None,387.0,52.0,13.0,137.0,0.881549,0.7385496,0.5415443,-0.039072197,10.769231
Bookkeeper,3,34.519196,23.061224,11.035654,RandomForest,BestFirst,None,Threshold,500.0,65.0,0.0,24.0,0.88495576,0.9541985,0.47709924,-0.06328472,27.692308
Bookkeeper,3,34.519196,23.061224,11.035654,RandomForest,BestFirst,None,Learning,508.0,65.0,0.0,16.0,0.88656193,0.9694657,0.4959777,-0.045585044,6.1538463
Bookkeeper,3,34.519196,23.061224,11.035654,RandomForest,BestFirst,Oversampling,None,309.0,18.0,47.0,215.0,0.94495416,0.5896947,0.65870523,0.13438626,18.461538
Bookkeeper,3,34.519196,23.061224,11.035654,RandomForest,BestFirst,Oversampling,Threshold,430.0,48.0,17.0,94.0,0.8995816,0.8206107,0.5410746,0.06271152,18.461538
Bookkeeper,3,34.519196,23.061224,11.035654,RandomForest,BestFirst,Oversampling,Learning,428.0,55.0,10.0,96.0,0.88612837,0.8167939,0.5618174,-0.023004636,7.692308
Bookkeeper,3,34.519196,23.061224,11.035654,RandomForest,BestFirst,Undersampling,None,292.0,45.0,20.0,232.0,0.86646885,0.55725193,0.47395772,-0.0597585,12.307693
Bookkeeper,3,34.519196,23.061224,11.035654,RandomForest,BestFirst,Undersampling,Threshold,444.0,65.0,0.0,80.0,0.8722986,0.84732825,0.42366412,-0.13865742,4.6153846
Bookkeeper,3,34.519196,23.061224,11.035654,RandomForest,BestFirst,Undersampling,Learning,314.0,30.0,35.0,210.0,0.9127907,0.59923667,0.662889,0.06222635,18.461538
Bookkeeper,3,34.519196,23.061224,11.035654,RandomForest,BestFirst,SMOTE,None,344.0,49.0,16.0,180.0,0.87531805,0.65648854,0.5044627,-0.051711906,13.846154
Bookkeeper,3,34.519196,23.061224,11.035654,RandomForest,BestFirst,SMOTE,Threshold,441.0,64.0,1.0,83.0,0.87326735,0.84160304,0.42849383,-0.12678127,7.692308
Bookkeeper,3,34.519196,23.061224,11.035654,RandomForest,BestFirst,SMOTE,Learning,425.0,64.0,1.0,99.0,0.86912066,0.8110687,0.52444214,-0.14042881,7.692308
Bookkeeper,3,34.519196,23.061224,11.035654,RandomForest,BackwardSearch,None,None,387.0,52.0,13.0,137.0,0.881549,0.7385496,0.5415443,-0.039072197,10.769231
Bookkeeper,3,34.519196,23.061224,11.035654,RandomForest,BackwardSearch,None,Threshold,500.0,65.0,0.0,24.0,0.88495576,0.9541985,0.47709924,-0.06328472,27.692308
Bookkeeper,3,34.519196,23.061224,11.035654,RandomForest,BackwardSearch,None,Learning,508.0,65.0,0.0,16.0,0.88656193,0.9694657,0.4959777,-0.045585044,6.1538463
Bookkeeper,3,34.519196,23.061224,11.035654,RandomForest,BackwardSearch,Oversampling,None,309.0,18.0,47.0,215.0,0.94495416,0.5896947,0.65870523,0.13438626,18.461538
Bookkeeper,3,34.519196,23.061224,11.035654,RandomForest,BackwardSearch,Oversampling,Threshold,430.0,48.0,17.0,94.0,0.8995816,0.8206107,0.5410746,0.06271152,18.461538
Bookkeeper,3,34.519196,23.061224,11.035654,RandomForest,BackwardSearch,Oversampling,Learning,428.0,55.0,10.0,96.0,0.88612837,0.8167939,0.5618174,-0.023004636,7.692308
Bookkeeper,3,34.519196,23.061224,11.035654,RandomForest,BackwardSearch,Undersampling,None,292.0,45.0,20.0,232.0,0.86646885,0.55725193,0.47395772,-0.0597585,12.307693
Bookkeeper,3,34.519196,23.061224,11.035654,RandomForest,BackwardSearch,Undersampling,Threshold,444.0,65.0,0.0,80.0,0.8722986,0.84732825,0.42366412,-0.13865742,4.6153846
Bookkeeper,3,34.519196,23.061224,11.035654,RandomForest,BackwardSearch,Undersampling,Learning,314.0,30.0,35.0,210.0,0.9127907,0.59923667,0.662889,0.06222635,18.461538
Bookkeeper,3,34.519196,23.061224,11.035654,RandomForest,BackwardSearch,SMOTE,None,344.0,49.0,16.0,180.0,0.87531805,0.65648854,0.5044627,-0.051711906,13.846154
Bookkeeper,3,34.519196,23.061224,11.035654,RandomForest,BackwardSearch,SMOTE,Threshold,441.0,64.0,1.0,83.0,0.87326735,0.84160304,0.42849383,-0.12678127,7.692308
Bookkeeper,3,34.519196,23.061224,11.035654,RandomForest,BackwardSearch,SMOTE,Learning,425.0,64.0,1.0,99.0,0.86912066,0.8110687,0.52444214,-0.14042881,7.692308
Bookkeeper,3,34.519196,23.061224,11.035654,IBk,None,None,None,480.0,49.0,16.0,44.0,0.9073724,0.9160305,0.6655461,0.16783896,27.692308
Bookkeeper,3,34.519196,23.061224,11.035654,IBk,None,None,Threshold,487.0,50.0,15.0,37.0,0.90689015,0.9293893,0.58007926,0.17553456,40.0
Bookkeeper,3,34.519196,23.061224,11.035654,IBk,None,None,Learning,487.0,50.0,15.0,37.0,0.90689015,0.9293893,0.6655314,0.17553456,27.692308
Bookkeeper,3,34.519196,23.061224,11.035654,IBk,None,Oversampling,None,414.0,28.0,37.0,110.0,0.9366516,0.7900763,0.67966825,0.23143403,33.846153
Bookkeeper,3,34.519196,23.061224,11.035654,IBk,None,Oversampling,Threshold,415.0,28.0,37.0,109.0,0.9367946,0.79198474,0.68060774,0.23367743,33.846153
Bookkeeper,3,34.519196,23.061224,11.035654,IBk,None,Oversampling,Learning,463.0,38.0,27.0,61.0,0.9241517,0.8835878,0.6342337,0.25885582,38.46154
Bookkeeper,3,34.519196,23.061224,11.035654,IBk,None,Undersampling,None,257.0,38.0,27.0,267.0,0.87118644,0.490458,0.49379036,-0.037025705,16.923077
Bookkeeper,3,34.519196,23.061224,11.035654,IBk,None,Undersampling,Threshold,260.0,38.0,27.0,264.0,0.8724832,0.49618322,0.4557839,-0.03505301,16.923077
Bookkeeper,3,34.519196,23.061224,11.035654,IBk,None,Undersampling,Learning,389.0,31.0,34.0,135.0,0.9261905,0.74236643,0.6479448,0.15607306,18.461538
Bookkeeper,3,34.519196,23.061224,11.035654,IBk,None,SMOTE,None,461.0,47.0,18.0,63.0,0.9074803,0.879771,0.66741043,0.14144492,29.23077
Bookkeeper,3,34.519196,23.061224,11.035654,IBk,None,SMOTE,Threshold,465.0,47.0,18.0,59.0,0.9082031,0.88740456,0.5821638,0.15203455,33.846153
Bookkeeper,3,34.519196,23.061224,11.035654,IBk,None,SMOTE,Learning,492.0,62.0,3.0,32.0,0.8880866,0.9389313,0.67043453,-0.018693652,13.846154
Bookkeeper,3,34.519196,23.061224,11.035654,IBk,BestFirst,None,None,442.0,51.0,14.0,82.0,0.8965517,0.84351146,0.6241926,0.048719473,23.076923
Bookkeeper,3,34.519196,23.061224,11.035654,IBk,BestFirst,None,Threshold,449.0,52.0,13.0,75.0,0.8962076,0.85687023,0.5284351,0.049239296,20.0
Bookkeeper,3,34.519196,23.061224,11.035654,IBk,BestFirst,None,Learning,449.0,52.0,13.0,75.0,0.8962076,0.85687023,0.62417793,0.049239296,23.076923
Bookkeeper,3,34.519196,23.061224,11.035654,IBk,BestFirst,Oversampling,None,420.0,29.0,36.0,104.0,0.93541205,0.8015267,0.71014386,0.23607197,36.923077
Bookkeeper,3,34.519196,23.061224,11.035654,IBk,BestFirst,Oversampling,Threshold,420.0,29.0,36.0,104.0,0.93541205,0.8015267,0.67768645,0.23607197,36.923077
Bookkeeper,3,34.519196,23.061224,11.035654,IBk,BestFirst,Oversampling,Learning,450.0,43.0,22.0,74.0,0.9127789,0.85877866,0.47011158,0.16315924,20.0
Bookkeeper,3,34.519196,23.061224,11.035654,IBk,BestFirst,Undersampling,None,266.0,38.0,27.0,258.0,0.875,0.50763357,0.50211394,-0.031011237,16.923077
Bookkeeper,3,34.519196,23.061224,11.035654,IBk,BestFirst,Undersampling,Threshold,269.0,38.0,27.0,255.0,0.8762215,0.5133588,0.4643717,-0.028940575,16.923077
Bookkeeper,3,34.519196,23.061224,11.035654,IBk,BestFirst,Undersampling,Learning,249.0,33.0,32.0,275.0,0.88297874,0.47519085,0.5204345,-0.012355048,13.846154
Bookkeeper,3,34.519196,23.061224,11.035654,IBk,BestFirst,SMOTE,None,314.0,50.0,15.0,210.0,0.86263734,0.59923667,0.51597184,-0.08180277,13.846154
Bookkeeper,3,34.519196,23.061224,11.035654,IBk,BestFirst,SMOTE,Threshold,318.0,50.0,15.0,206.0,0.86413044,0.60687023,0.41881973,-0.07915605,13.846154
Bookkeeper,3,34.519196,23.061224,11.035654,IBk,BestFirst,SMOTE,Learning,509.0,61.0,4.0,15.0,0.8929825,0.97137403,0.6053435,0.04769604,18.461538
Bookkeeper,3,34.519196,23.061224,11.035654,IBk,BackwardSearch,None,None,442.0,51.0,14.0,82.0,0.8965517,0.84351146,0.6241926,0.048719473,23.076923
Bookkeeper,3,34.519196,23.061224,11.035654,IBk,BackwardSearch,None,Threshold,449.0,52.0,13.0,75.0,0.8962076,0.85687023,0.5284351,0.049239296,20.0
Bookkeeper,3,34.519196,23.061224,11.035654,IBk,BackwardSearch,None,Learning,449.0,52.0,13.0,75.0,0.8962076,0.85687023,0.62417793,0.049239296,23.076923
Bookkeeper,3,34.519196,23.061224,11.035654,IBk,BackwardSearch,Oversampling,None,420.0,29.0,36.0,104.0,0.93541205,0.8015267,0.71014386,0.23607197,36.923077
Bookkeeper,3,34.519196,23.061224,11.035654,IBk,BackwardSearch,Oversampling,Threshold,420.0,29.0,36.0,104.0,0.93541205,0.8015267,0.67768645,0.23607197,36.923077
Bookkeeper,3,34.519196,23.061224,11.035654,IBk,BackwardSearch,Oversampling,Learning,450.0,43.0,22.0,74.0,0.9127789,0.85877866,0.47011158,0.16315924,20.0
Bookkeeper,3,34.519196,23.061224,11.035654,IBk,BackwardSearch,Undersampling,None,266.0,38.0,27.0,258.0,0.875,0.50763357,0.50211394,-0.031011237,16.923077
Bookkeeper,3,34.519196,23.061224,11.035654,IBk,BackwardSearch,Undersampling,Threshold,269.0,38.0,27.0,255.0,0.8762215,0.5133588,0.4643717,-0.028940575,16.923077
Bookkeeper,3,34.519196,23.061224,11.035654,IBk,BackwardSearch,Undersampling,Learning,249.0,33.0,32.0,275.0,0.88297874,0.47519085,0.5204345,-0.012355048,13.846154
Bookkeeper,3,34.519196,23.061224,11.035654,IBk,BackwardSearch,SMOTE,None,314.0,50.0,15.0,210.0,0.86263734,0.59923667,0.51597184,-0.08180277,13.846154
Bookkeeper,3,34.519196,23.061224,11.035654,IBk,BackwardSearch,SMOTE,Threshold,318.0,50.0,15.0,206.0,0.86413044,0.60687023,0.41881973,-0.07915605,13.846154
Bookkeeper,3,34.519196,23.061224,11.035654,IBk,BackwardSearch,SMOTE,Learning,509.0,61.0,4.0,15.0,0.8929825,0.97137403,0.6053435,0.04769604,18.461538
Bookkeeper,4,55.265938,18.546844,5.0324674,NaiveBayes,None,None,None,580.0,31.0,0.0,5.0,0.9492635,0.991453,0.85271573,-0.014177262,35.48387
Bookkeeper,4,55.265938,18.546844,5.0324674,NaiveBayes,None,None,Threshold,580.0,31.0,0.0,5.0,0.9492635,0.991453,0.4957265,-0.014177262,67.741936
Bookkeeper,4,55.265938,18.546844,5.0324674,NaiveBayes,None,None,Learning,580.0,31.0,0.0,5.0,0.9492635,0.991453,0.85271573,-0.014177262,35.48387
Bookkeeper,4,55.265938,18.546844,5.0324674,NaiveBayes,None,Oversampling,None,558.0,21.0,10.0,27.0,0.9637306,0.95384616,0.8589192,0.25322017,29.032257
Bookkeeper,4,55.265938,18.546844,5.0324674,NaiveBayes,None,Oversampling,Threshold,583.0,29.0,2.0,2.0,0.95261437,0.9965812,0.5305487,0.10397898,64.51613
Bookkeeper,4,55.265938,18.546844,5.0324674,NaiveBayes,None,Oversampling,Learning,563.0,24.0,7.0,22.0,0.95911413,0.96239316,0.8411084,0.19413003,35.48387
Bookkeeper,4,55.265938,18.546844,5.0324674,NaiveBayes,None,Undersampling,None,580.0,30.0,1.0,5.0,0.9508197,0.991453,0.8240695,0.03835861,32.258064
Bookkeeper,4,55.265938,18.546844,5.0324674,NaiveBayes,None,Undersampling,Threshold,581.0,31.0,0.0,4.0,0.9493464,0.9931624,0.4965812,-0.011636636,67.741936
Bookkeeper,4,55.265938,18.546844,5.0324674,NaiveBayes,None,Undersampling,Learning,559.0,24.0,7.0,26.0,0.95883363,0.95555556,0.799614,0.17598587,22.580645
Bookkeeper,4,55.265938,18.546844,5.0324674,NaiveBayes,None,SMOTE,None,579.0,31.0,0.0,6.0,0.9491803,0.9897436,0.8342156,-0.016592328,35.48387
Bookkeeper,4,55.265938,18.546844,5.0324674,NaiveBayes,None,SMOTE,Threshold,580.0,31.0,0.0,5.0,0.9492635,0.991453,0.4957265,-0.014177262,67.741936
Bookkeeper,4,55.265938,18.546844,5.0324674,NaiveBayes,None,SMOTE,Learning,581.0,31.0,0.0,4.0,0.9493464,0.9931624,0.78436726,-0.011636636,51.6129
Bookkeeper,4,55.265938,18.546844,5.0324674,NaiveBayes,BestFirst,None,None,585.0,31.0,0.0,0.0,0.9496753,1.0,0.78759307,0.0,9.677419
Bookkeeper,4,55.265938,18.546844,5.0324674,NaiveBayes,BestFirst,None,Threshold,585.0,31.0,0.0,0.0,0.9496753,1.0,0.5,0.0,67.741936
Bookkeeper,4,55.265938,18.546844,5.0324674,NaiveBayes,BestFirst,None,Learning,585.0,31.0,0.0,0.0,0.9496753,1.0,0.78759307,0.0,9.677419
Bookkeeper,4,55.265938,18.546844,5.0324674,NaiveBayes,BestFirst,Oversampling,None,575.0,29.0,2.0,10.0,0.95198673,0.982906,0.63338846,0.06681168,9.677419
Bookkeeper,4,55.265938,18.546844,5.0324674,NaiveBayes,BestFirst,Oversampling,Threshold,583.0,31.0,0.0,2.0,0.9495114,0.9965812,0.4982906,-0.0061373985,64.51613
Bookkeeper,4,55.265938,18.546844,5.0324674,NaiveBayes,BestFirst,Oversampling,Learning,212.0,9.0,22.0,373.0,0.959276,0.36239317,0.5877309,0.010986609,12.903225
Bookkeeper,4,55.265938,18.546844,5.0324674,NaiveBayes,BestFirst,Undersampling,None,223.0,8.0,23.0,362.0,0.965368,0.3811966,0.6433416,0.019218026,9.677419
Bookkeeper,4,55.265938,18.546844,5.0324674,NaiveBayes,BestFirst,Undersampling,Threshold,585.0,31.0,0.0,0.0,0.9496753,1.0,0.5,0.0,67.741936
Bookkeeper,4,55.265938,18.546844,5.0324674,NaiveBayes,BestFirst,Undersampling,Learning,537.0,22.0,9.0,48.0,0.960644,0.9179487,0.76479185,0.14907053,16.129032
Bookkeeper,4,55.265938,18.546844,5.0324674,NaiveBayes,BestFirst,SMOTE,None,585.0,31.0,0.0,0.0,0.9496753,1.0,0.699807,0.0,9.677419
Bookkeeper,4,55.265938,18.546844,5.0324674,NaiveBayes,BestFirst,SMOTE,Threshold,585.0,31.0,0.0,0.0,0.9496753,1.0,0.5,0.0,67.741936
Bookkeeper,4,55.265938,18.546844,5.0324674,NaiveBayes,BestFirst,SMOTE,Learning,585.0,31.0,0.0,0.0,0.9496753,1.0,0.6220844,0.0,9.677419
Bookkeeper,4,55.265938,18.546844,5.0324674,NaiveBayes,BackwardSearch,None,None,585.0,31.0,0.0,0.0,0.9496753,1.0,0.78759307,0.0,9.677419
Bookkeeper,4,55.265938,18.546844,5.0324674,NaiveBayes,BackwardSearch,None,Threshold,585.0,31.0,0.0,0.0,0.9496753,1.0,0.5,0.0,67.741936
Bookkeeper,4,55.265938,18.546844,5.0324674,NaiveBayes,BackwardSearch,None,Learning,585.0,31.0,0.0,0.0,0.9496753,1.0,0.78759307,0.0,9.677419
Bookkeeper,4,55.265938,18.546844,5.0324674,NaiveBayes,BackwardSearch,Oversampling,None,575.0,29.0,2.0,10.0,0.95198673,0.982906,0.63338846,0.06681168,9.677419
Bookkeeper,4,55.265938,18.546844,5.0324674,NaiveBayes,BackwardSearch,Oversampling,Threshold,583.0,31.0,0.0,2.0,0.9495114,0.9965812,0.4982906,-0.0061373985,64.51613
Bookkeeper,4,55.265938,18.546844,5.0324674,NaiveBayes,BackwardSearch,Oversampling,Learning,212.0,9.0,22.0,373.0,0.959276,0.36239317,0.5877309,0.010986609,12.903225
Bookkeeper,4,55.265938,18.546844,5.0324674,NaiveBayes,BackwardSearch,Undersampling,None,223.0,8.0,23.0,362.0,0.965368,0.3811966,0.6433416,0.019218026,9.677419
Bookkeeper,4,55.265938,18.546844,5.0324674,NaiveBayes,BackwardSearch,Undersampling,Threshold,585.0,31.0,0.0,0.0,0.9496753,1.0,0.5,0.0,67.741936
Bookkeeper,4,55.265938,18.546844,5.0324674,NaiveBayes,BackwardSearch,Undersampling,Learning,537.0,22.0,9.0,48.0,0.960644,0.9179487,0.76479185,0.14907053,16.129032
Bookkeeper,4,55.265938,18.546844,5.0324674,NaiveBayes,BackwardSearch,SMOTE,None,585.0,31.0,0.0,0.0,0.9496753,1.0,0.699807,0.0,9.677419
Bookkeeper,4,55.265938,18.546844,5.0324674,NaiveBayes,BackwardSearch,SMOTE,Threshold,585.0,31.0,0.0,0.0,0.9496753,1.0,0.5,0.0,67.741936
Bookkeeper,4,55.265938,18.546844,5.0324674,NaiveBayes,BackwardSearch,SMOTE,Learning,585.0,31.0,0.0,0.0,0.9496753,1.0,0.6220844,0.0,9.677419
Bookkeeper,4,55.265938,18.546844,5.0324674,RandomForest,None,None,None,533.0,14.0,17.0,52.0,0.9744058,0.9111111,0.8461814,0.29074353,45.16129
Bookkeeper,4,55.265938,18.546844,5.0324674,RandomForest,None,None,Threshold,580.0,31.0,0.0,5.0,0.9492635,0.991453,0.4957265,-0.014177262,64.51613
Bookkeeper,4,55.265938,18.546844,5.0324674,RandomForest,None,None,Learning,585.0,31.0,0.0,0.0,0.9496753,1.0,0.8460987,0.0,38.709675
Bookkeeper,4,55.265938,18.546844,5.0324674,RandomForest,None,Oversampling,None,369.0,8.0,23.0,216.0,0.97877985,0.63076925,0.71532947,0.089226544,35.48387
Bookkeeper,4,55.265938,18.546844,5.0324674,RandomForest,None,Oversampling,Threshold,469.0,22.0,9.0,116.0,0.95519346,0.8017094,0.546016,0.03778326,22.580645
Bookkeeper,4,55.265938,18.546844,5.0324674,RandomForest,None,Oversampling,Learning,365.0,10.0,21.0,220.0,0.97333336,0.62393165,0.6672457,0.07162047,25.80645
Bookkeeper,4,55.265938,18.546844,5.0324674,RandomForest,None,Undersampling,None,404.0,6.0,25.0,181.0,0.98536587,0.6905983,0.8143369,0.13532503,41.935482
Bookkeeper,4,55.265938,18.546844,5.0324674,RandomForest,None,Undersampling,Threshold,549.0,27.0,4.0,36.0,0.953125,0.93846154,0.5337469,0.059336822,19.354837
Bookkeeper,4,55.265938,18.546844,5.0324674,RandomForest,None,Undersampling,Learning,323.0,7.0,24.0,262.0,0.9787879,0.5521368,0.6916736,0.06666667,29.032257
Bookkeeper,4,55.265938,18.546844,5.0324674,RandomForest,None,SMOTE,None,498.0,14.0,17.0,87.0,0.97265625,0.85128206,0.81218636,0.18896653,41.935482
Bookkeeper,4,55.265938,18.546844,5.0324674,RandomForest,None,SMOTE,Threshold,571.0,28.0,3.0,14.0,0.9532554,0.9760684,0.5364213,0.09265624,64.51613
Bookkeeper,4,55.265938,18.546844,5.0324674,RandomForest,None,SMOTE,Learning,551.0,29.0,2.0,34.0,0.95,0.94188035,0.71135926,0.005942623,25.80645
Bookkeeper,4,55.265938,18.546844,5.0324674,RandomForest,BestFirst,None,None,534.0,16.0,15.0,51.0,0.9709091,0.9128205,0.85241246,0.258498,51.6129
Bookkeeper,4,55.265938,18.546844,5.0324674,RandomForest,BestFirst,None,Threshold,583.0,31.0,0.0,2.0,0.9495114,0.9965812,0.4982906,-0.0061373985,67.741936
Bookkeeper,4,55.265938,18.546844,5.0324674,RandomForest,BestFirst,None,Learning,585.0,31.0,0.0,0.0,0.9496753,1.0,0.8642404,0.0,54.83871
Bookkeeper,4,55.265938,18.546844,5.0324674,RandomForest,BestFirst,Oversampling,None,404.0,11.0,20.0,181.0,0.973494,0.6905983,0.73578715,0.09335378,25.80645
Bookkeeper,4,55.265938,18.546844,5.0324674,RandomForest,BestFirst,Oversampling,Threshold,530.0,21.0,10.0,55.0,0.9618875,0.9059829,0.6142818,0.15043734,25.80645
Bookkeeper,4,55.265938,18.546844,5.0324674,RandomForest,BestFirst,Oversampling,Learning,366.0,8.0,23.0,219.0,0.9786096,0.62564105,0.77127105,0.087043956,35.48387
Bookkeeper,4,55.265938,18.546844,5.0324674,RandomForest,BestFirst,Undersampling,None,402.0,5.0,26.0,183.0,0.987715,0.6871795,0.82315964,0.1414125,41.935482
Bookkeeper,4,55.265938,18.546844,5.0324674,RandomForest,BestFirst,Undersampling,Threshold,541.0,22.0,9.0,44.0,0.9609236,0.9247863,0.60755444,0.16100541,25.80645
Bookkeeper,4,55.265938,18.546844,5.0324674,RandomForest,BestFirst,Undersampling,Learning,376.0,3.0,28.0,209.0,0.99208444,0.64273506,0.78933,0.13166748,35.48387
Bookkeeper,4,55.265938,18.546844,5.0324674,RandomForest,BestFirst,SMOTE,None,490.0,9.0,22.0,95.0,0.98196393,0.83760685,0.8585608,0.2365517,54.83871
Bookkeeper,4,55.265938,18.546844,5.0324674,RandomForest,BestFirst,SMOTE,Threshold,565.0,21.0,10.0,20.0,0.96416384,0.96581197,0.64419633,0.29286593,74.19355
Bookkeeper,4,55.265938,18.546844,5.0324674,RandomForest,BestFirst,SMOTE,Learning,573.0,27.0,4.0,12.0,0.955,0.9794872,0.8149159,0.14077254,48.387096
Bookkeeper,4,55.265938,18.546844,5.0324674,RandomForest,BackwardSearch,None,None,534.0,16.0,15.0,51.0,0.9709091,0.9128205,0.85241246,0.258498,51.6129
Bookkeeper,4,55.265938,18.546844,5.0324674,RandomForest,BackwardSearch,None,Threshold,583.0,31.0,0.0,2.0,0.9495114,0.9965812,0.4982906,-0.0061373985,67.741936
Bookkeeper,4,55.265938,18.546844,5.0324674,RandomForest,BackwardSearch,None,Learning,585.0,31.0,0.0,0.0,0.9496753,1.0,0.8642404,0.0,54.83871
Bookkeeper,4,55.265938,18.546844,5.0324674,RandomForest,BackwardSearch,Oversampling,None,404.0,11.0,20.0,181.0,0.973494,0.6905983,0.73578715,0.09335378,25.80645
Bookkeeper,4,55.265938,18.546844,5.0324674,RandomForest,BackwardSearch,Oversampling,Threshold,530.0,21.0,10.0,55.0,0.9618875,0.9059829,0.6142818,0.15043734,25.80645
Bookkeeper,4,55.265938,18.546844,5.0324674,RandomForest,BackwardSearch,Oversampling,Learning,366.0,8.0,23.0,219.0,0.9786096,0.62564105,0.77127105,0.087043956,35.48387
Bookkeeper,4,55.265938,18.546844,5.0324674,RandomForest,BackwardSearch,Undersampling,None,402.0,5.0,26.0,183.0,0.987715,0.6871795,0.82315964,0.1414125,41.935482
Bookkeeper,4,55.265938,18.546844,5.0324674,RandomForest,BackwardSearch,Undersampling,Threshold,541.0,22.0,9.0,44.0,0.9609236,0.9247863,0.60755444,0.16100541,25.80645
Bookkeeper,4,55.265938,18.546844,5.0324674,RandomForest,BackwardSearch,Undersampling,Learning,376.0,3.0,28.0,209.0,0.99208444,0.64273506,0.78933,0.13166748,35.48387
Bookkeeper,4,55.265938,18.546844,5.0324674,RandomForest,BackwardSearch,SMOTE,None,490.0,9.0,22.0,95.0,0.98196393,0.83760685,0.8585608,0.2365517,54.83871
Bookkeeper,4,55.265938,18.546844,5.0324674,RandomForest,BackwardSearch,SMOTE,Threshold,565.0,21.0,10.0,20.0,0.96416384,0.96581197,0.64419633,0.29286593,74.19355
Bookkeeper,4,55.265938,18.546844,5.0324674,RandomForest,BackwardSearch,SMOTE,Learning,573.0,27.0,4.0,12.0,0.955,0.9794872,0.8149159,0.14077254,48.387096
Bookkeeper,4,55.265938,18.546844,5.0324674,IBk,None,None,None,521.0,16.0,15.0,64.0,0.97020483,0.8905983,0.8022333,0.21606058,48.387096
Bookkeeper,4,55.265938,18.546844,5.0324674,IBk,None,None,Threshold,531.0,16.0,15.0,54.0,0.97074956,0.9076923,0.69578165,0.24775828,51.6129
Bookkeeper,4,55.265938,18.546844,5.0324674,IBk,None,None,Learning,531.0,16.0,15.0,54.0,0.97074956,0.9076923,0.8022333,0.24775828,48.387096
Bookkeeper,4,55.265938,18.546844,5.0324674,IBk,None,Oversampling,None,392.0,12.0,19.0,193.0,0.97029704,0.6700855,0.7010201,0.075169906,41.935482
Bookkeeper,4,55.265938,18.546844,5.0324674,IBk,None,Oversampling,Threshold,394.0,12.0,19.0,191.0,0.97044337,0.6735043,0.64320374,0.076700434,41.935482
Bookkeeper,4,55.265938,18.546844,5.0324674,IBk,None,Oversampling,Learning,390.0,11.0,20.0,195.0,0.9725686,0.6666667,0.68478084,0.08183436,25.80645
Bookkeeper,4,55.265938,18.546844,5.0324674,IBk,None,Undersampling,None,406.0,8.0,23.0,179.0,0.98067635,0.6940171,0.76669425,0.1206986,41.935482
Bookkeeper,4,55.265938,18.546844,5.0324674,IBk,None,Undersampling,Threshold,429.0,8.0,23.0,156.0,0.9816934,0.73333335,0.7376344,0.1457611,41.935482
Bookkeeper,4,55.265938,18.546844,5.0324674,IBk,None,Undersampling,Learning,342.0,13.0,18.0,243.0,0.9633803,0.5846154,0.6067549,0.036617998,22.580645
Bookkeeper,4,55.265938,18.546844,5.0324674,IBk,None,SMOTE,None,500.0,14.0,17.0,85.0,0.97276264,0.85470086,0.8037221,0.193376,51.6129
Bookkeeper,4,55.265938,18.546844,5.0324674,IBk,None,SMOTE,Threshold,511.0,14.0,17.0,74.0,0.97333336,0.8735043,0.71094567,0.220141,51.6129
Bookkeeper,4,55.265938,18.546844,5.0324674,IBk,None,SMOTE,Learning,537.0,29.0,2.0,48.0,0.94876325,0.9179487,0.6750758,-0.013590905,9.677419
Bookkeeper,4,55.265938,18.546844,5.0324674,IBk,BestFirst,None,None,524.0,17.0,14.0,61.0,0.9685767,0.8957265,0.7948718,0.2077301,41.935482
Bookkeeper,4,55.265938,18.546844,5.0324674,IBk,BestFirst,None,Threshold,534.0,17.0,14.0,51.0,0.969147,0.9128205,0.6822167,0.23986499,48.387096
Bookkeeper,4,55.265938,18.546844,5.0324674,IBk,BestFirst,None,Learning,534.0,17.0,14.0,51.0,0.969147,0.9128205,0.7948718,0.23986499,45.16129
Bookkeeper,4,55.265938,18.546844,5.0324674,IBk,BestFirst,Oversampling,None,386.0,7.0,24.0,199.0,0.9821883,0.6598291,0.73391235,0.1103633,45.16129
Bookkeeper,4,55.265938,18.546844,5.0324674,IBk,BestFirst,Oversampling,Threshold,425.0,7.0,24.0,160.0,0.9837963,0.72649574,0.75034463,0.15004297,48.387096
Bookkeeper,4,55.265938,18.546844,5.0324674,IBk,BestFirst,Oversampling,Learning,384.0,10.0,21.0,201.0,0.97461927,0.6564103,0.68720704,0.08521719,38.709675
Bookkeeper,4,55.265938,18.546844,5.0324674,IBk,BestFirst,Undersampling,None,399.0,7.0,24.0,186.0,0.98275864,0.6820513,0.7744141,0.122183174,45.16129
Bookkeeper,4,55.265938,18.546844,5.0324674,IBk,BestFirst,Undersampling,Threshold,422.0,7.0,24.0,163.0,0.983683,0.72136754,0.74778056,0.14649454,45.16129
Bookkeeper,4,55.265938,18.546844,5.0324674,IBk,BestFirst,Undersampling,Learning,362.0,10.0,21.0,223.0,0.9731183,0.61880344,0.68891644,0.06964323,38.709675
Bookkeeper,4,55.265938,18.546844,5.0324674,IBk,BestFirst,SMOTE,None,475.0,11.0,20.0,110.0,0.97736627,0.8119658,0.81009096,0.18196584,48.387096
Bookkeeper,4,55.265938,18.546844,5.0324674,IBk,BestFirst,SMOTE,Threshold,484.0,11.0,20.0,101.0,0.9777778,0.82735044,0.7362559,0.19897829,51.6129
Bookkeeper,4,55.265938,18.546844,5.0324674,IBk,BestFirst,SMOTE,Learning,549.0,26.0,5.0,36.0,0.9547826,0.93846154,0.7488558,0.08653432,35.48387
Bookkeeper,4,55.265938,18.546844,5.0324674,IBk,BackwardSearch,None,None,524.0,17.0,14.0,61.0,0.9685767,0.8957265,0.7948718,0.2077301,41.935482
Bookkeeper,4,55.265938,18.546844,5.0324674,IBk,BackwardSearch,None,Threshold,534.0,17.0,14.0,51.0,0.969147,0.9128205,0.6822167,0.23986499,48.387096
Bookkeeper,4,55.265938,18.546844,5.0324674,IBk,BackwardSearch,None,Learning,534.0,17.0,14.0,51.0,0.969147,0.9128205,0.7948718,0.23986499,45.16129
Bookkeeper,4,55.265938,18.546844,5.0324674,IBk,BackwardSearch,Oversampling,None,386.0,7.0,24.0,199.0,0.9821883,0.6598291,0.73391235,0.1103633,45.16129
Bookkeeper,4,55.265938,18.546844,5.0324674,IBk,BackwardSearch,Oversampling,Threshold,425.0,7.0,24.0,160.0,0.9837963,0.72649574,0.75034463,0.15004297,48.387096
Bookkeeper,4,55.265938,18.546844,5.0324674,IBk,BackwardSearch,Oversampling,Learning,384.0,10.0,21.0,201.0,0.97461927,0.6564103,0.68720704,0.08521719,38.709675
Bookkeeper,4,55.265938,18.546844,5.0324674,IBk,BackwardSearch,Undersampling,None,399.0,7.0,24.0,186.0,0.98275864,0.6820513,0.7744141,0.122183174,45.16129
Bookkeeper,4,55.265938,18.546844,5.0324674,IBk,BackwardSearch,Undersampling,Threshold,422.0,7.0,24.0,163.0,0.983683,0.72136754,0.74778056,0.14649454,45.16129
Bookkeeper,4,55.265938,18.546844,5.0324674,IBk,BackwardSearch,Undersampling,Learning,362.0,10.0,21.0,223.0,0.9731183,0.61880344,0.68891644,0.06964323,38.709675
Bookkeeper,4,55.265938,18.546844,5.0324674,IBk,BackwardSearch,SMOTE,None,475.0,11.0,20.0,110.0,0.97736627,0.8119658,0.81009096,0.18196584,48.387096
Bookkeeper,4,55.265938,18.546844,5.0324674,IBk,BackwardSearch,SMOTE,Threshold,484.0,11.0,20.0,101.0,0.9777778,0.82735044,0.7362559,0.19897829,51.6129
Bookkeeper,4,55.265938,18.546844,5.0324674,IBk,BackwardSearch,SMOTE,Learning,549.0,26.0,5.0,36.0,0.9547826,0.93846154,0.7488558,0.08653432,35.48387
Bookkeeper,5,76.96372,14.736842,4.7400613,NaiveBayes,None,None,None,618.0,31.0,0.0,5.0,0.9522342,0.9919743,0.87969244,-0.013342516,45.16129
Bookkeeper,5,76.96372,14.736842,4.7400613,NaiveBayes,None,None,Threshold,619.0,31.0,0.0,4.0,0.9523077,0.99357945,0.49678972,-0.010953096,64.51613
Bookkeeper,5,76.96372,14.736842,4.7400613,NaiveBayes,None,None,Learning,619.0,31.0,0.0,4.0,0.9523077,0.99357945,0.87969244,-0.010953096,45.16129
Bookkeeper,5,76.96372,14.736842,4.7400613,NaiveBayes,None,Oversampling,None,607.0,28.0,3.0,16.0,0.9559055,0.9743178,0.8362243,0.08711376,22.580645
Bookkeeper,5,76.96372,14.736842,4.7400613,NaiveBayes,None,Oversampling,Threshold,608.0,29.0,2.0,15.0,0.9544741,0.97592294,0.52021956,0.051486585,35.48387
Bookkeeper,5,76.96372,14.736842,4.7400613,NaiveBayes,None,Oversampling,Learning,584.0,17.0,14.0,39.0,0.9717138,0.9373997,0.8896598,0.29091966,54.83871
Bookkeeper,5,76.96372,14.736842,4.7400613,NaiveBayes,None,Undersampling,None,607.0,29.0,2.0,16.0,0.9544025,0.9743178,0.832315,0.048496604,22.580645
Bookkeeper,5,76.96372,14.736842,4.7400613,NaiveBayes,None,Undersampling,Threshold,610.0,30.0,1.0,13.0,0.953125,0.97913325,0.50569564,0.015405084,41.935482
Bookkeeper,5,76.96372,14.736842,4.7400613,NaiveBayes,None,Undersampling,Learning,565.0,19.0,12.0,58.0,0.96746576,0.9069021,0.8461399,0.18401012,35.48387
Bookkeeper,5,76.96372,14.736842,4.7400613,NaiveBayes,None,SMOTE,None,618.0,30.0,1.0,5.0,0.9537037,0.9919743,0.8821778,0.039284814,51.6129
Bookkeeper,5,76.96372,14.736842,4.7400613,NaiveBayes,None,SMOTE,Threshold,619.0,30.0,1.0,4.0,0.95377505,0.99357945,0.5129188,0.042954292,64.51613
Bookkeeper,5,76.96372,14.736842,4.7400613,NaiveBayes,None,SMOTE,Learning,620.0,30.0,1.0,3.0,0.95384616,0.9951846,0.8835499,0.046815652,58.064514
Bookkeeper,5,76.96372,14.736842,4.7400613,NaiveBayes,BestFirst,None,None,623.0,31.0,0.0,0.0,0.9525994,1.0,0.8393569,0.0,19.354837
Bookkeeper,5,76.96372,14.736842,4.7400613,NaiveBayes,BestFirst,None,Threshold,623.0,31.0,0.0,0.0,0.9525994,1.0,0.5,0.0,64.51613
Bookkeeper,5,76.96372,14.736842,4.7400613,NaiveBayes,BestFirst,None,Learning,623.0,31.0,0.0,0.0,0.9525994,1.0,0.8393569,0.0,22.580645
Bookkeeper,5,76.96372,14.736842,4.7400613,NaiveBayes,BestFirst,Oversampling,None,560.0,18.0,13.0,63.0,0.9688581,0.8988764,0.83876145,0.18833695,22.580645
Bookkeeper,5,76.96372,14.736842,4.7400613,NaiveBayes,BestFirst,Oversampling,Threshold,610.0,29.0,2.0,13.0,0.9546166,0.97913325,0.52182466,0.05783083,32.258064
Bookkeeper,5,76.96372,14.736842,4.7400613,NaiveBayes,BestFirst,Oversampling,Learning,558.0,18.0,13.0,65.0,0.96875,0.8956661,0.8307099,0.18311512,19.354837
Bookkeeper,5,76.96372,14.736842,4.7400613,NaiveBayes,BestFirst,Undersampling,None,573.0,22.0,9.0,50.0,0.9630252,0.9197432,0.7658572,0.14698742,9.677419
Bookkeeper,5,76.96372,14.736842,4.7400613,NaiveBayes,BestFirst,Undersampling,Threshold,599.0,26.0,5.0,24.0,0.9584,0.96147674,0.56138355,0.12664922,16.129032
Bookkeeper,5,76.96372,14.736842,4.7400613,NaiveBayes,BestFirst,Undersampling,Learning,534.0,16.0,15.0,89.0,0.9709091,0.85714287,0.8195257,0.16094425,25.80645
Bookkeeper,5,76.96372,14.736842,4.7400613,NaiveBayes,BestFirst,SMOTE,None,583.0,24.0,7.0,40.0,0.96046126,0.93579453,0.7628799,0.1297767,12.903225
Bookkeeper,5,76.96372,14.736842,4.7400613,NaiveBayes,BestFirst,SMOTE,Threshold,623.0,31.0,0.0,0.0,0.9525994,1.0,0.5,0.0,64.51613
Bookkeeper,5,76.96372,14.736842,4.7400613,NaiveBayes,BestFirst,SMOTE,Learning,623.0,31.0,0.0,0.0,0.9525994,1.0,0.73427224,0.0,22.580645
Bookkeeper,5,76.96372,14.736842,4.7400613,NaiveBayes,BackwardSearch,None,None,623.0,31.0,0.0,0.0,0.9525994,1.0,0.8393569,0.0,19.354837
Bookkeeper,5,76.96372,14.736842,4.7400613,NaiveBayes,BackwardSearch,None,Threshold,623.0,31.0,0.0,0.0,0.9525994,1.0,0.5,0.0,64.51613
Bookkeeper,5,76.96372,14.736842,4.7400613,NaiveBayes,BackwardSearch,None,Learning,623.0,31.0,0.0,0.0,0.9525994,1.0,0.8393569,0.0,22.580645
Bookkeeper,5,76.96372,14.736842,4.7400613,NaiveBayes,BackwardSearch,Oversampling,None,560.0,18.0,13.0,63.0,0.9688581,0.8988764,0.83876145,0.18833695,22.580645
Bookkeeper,5,76.96372,14.736842,4.7400613,NaiveBayes,BackwardSearch,Oversampling,Threshold,610.0,29.0,2.0,13.0,0.9546166,0.97913325,0.52182466,0.05783083,32.258064
Bookkeeper,5,76.96372,14.736842,4.7400613,NaiveBayes,BackwardSearch,Oversampling,Learning,558.0,18.0,13.0,65.0,0.96875,0.8956661,0.8307099,0.18311512,19.354837
Bookkeeper,5,76.96372,14.736842,4.7400613,NaiveBayes,BackwardSearch,Undersampling,None,573.0,22.0,9.0,50.0,0.9630252,0.9197432,0.7658572,0.14698742,9.677419
Bookkeeper,5,76.96372,14.736842,4.7400613,NaiveBayes,BackwardSearch,Undersampling,Threshold,599.0,26.0,5.0,24.0,0.9584,0.96147674,0.56138355,0.12664922,16.129032
Bookkeeper,5,76.96372,14.736842,4.7400613,NaiveBayes,BackwardSearch,Undersampling,Learning,534.0,16.0,15.0,89.0,0.9709091,0.85714287,0.8195257,0.16094425,25.80645
Bookkeeper,5,76.96372,14.736842,4.7400613,NaiveBayes,BackwardSearch,SMOTE,None,583.0,24.0,7.0,40.0,0.96046126,0.93579453,0.7628799,0.1297767,12.903225
Bookkeeper,5,76.96372,14.736842,4.7400613,NaiveBayes,BackwardSearch,SMOTE,Threshold,623.0,31.0,0.0,0.0,0.9525994,1.0,0.5,0.0,64.51613
Bookkeeper,5,76.96372,14.736842,4.7400613,NaiveBayes,BackwardSearch,SMOTE,Learning,623.0,31.0,0.0,0.0,0.9525994,1.0,0.73427224,0.0,22.580645
Bookkeeper,5,76.96372,14.736842,4.7400613,RandomForest,None,None,None,612.0,29.0,2.0,11.0,0.95475817,0.9823435,0.830218,0.06471219,45.16129
Bookkeeper,5,76.96372,14.736842,4.7400613,RandomForest,None,None,Threshold,621.0,31.0,0.0,2.0,0.952454,0.99678975,0.49839488,-0.0057787304,64.51613
Bookkeeper,5,76.96372,14.736842,4.7400613,RandomForest,None,None,Learning,623.0,31.0,0.0,0.0,0.9525994,1.0,0.8604826,0.0,54.83871
Bookkeeper,5,76.96372,14.736842,4.7400613,RandomForest,None,Oversampling,None,453.0,6.0,25.0,170.0,0.9869281,0.7271268,0.8013773,0.15186347,32.258064
Bookkeeper,5,76.96372,14.736842,4.7400613,RandomForest,None,Oversampling,Threshold,577.0,28.0,3.0,46.0,0.953719,0.92616373,0.51146895,0.017978167,19.354837
Bookkeeper,5,76.96372,14.736842,4.7400613,RandomForest,None,Oversampling,Learning,529.0,20.0,11.0,94.0,0.9635701,0.84911716,0.77610934,0.09556736,22.580645
Bookkeeper,5,76.96372,14.736842,4.7400613,RandomForest,None,Undersampling,None,503.0,11.0,20.0,120.0,0.97859925,0.80738366,0.8023352,0.16945538,35.48387
Bookkeeper,5,76.96372,14.736842,4.7400613,RandomForest,None,Undersampling,Threshold,593.0,30.0,1.0,30.0,0.9518459,0.9518459,0.492052,-0.015896028,25.80645
Bookkeeper,5,76.96372,14.736842,4.7400613,RandomForest,None,Undersampling,Learning,448.0,11.0,20.0,175.0,0.9760349,0.71910113,0.6940403,0.103673905,29.032257
Bookkeeper,5,76.96372,14.736842,4.7400613,RandomForest,None,SMOTE,None,601.0,27.0,4.0,22.0,0.9570064,0.964687,0.8200694,0.101497225,54.83871
Bookkeeper,5,76.96372,14.736842,4.7400613,RandomForest,None,SMOTE,Threshold,619.0,30.0,1.0,4.0,0.95377505,0.99357945,0.5129188,0.042954292,64.51613
Bookkeeper,5,76.96372,14.736842,4.7400613,RandomForest,None,SMOTE,Learning,618.0,30.0,1.0,5.0,0.9537037,0.9919743,0.8437063,0.039284814,64.51613
Bookkeeper,5,76.96372,14.736842,4.7400613,RandomForest,BestFirst,None,None,609.0,29.0,2.0,14.0,0.95454544,0.9775281,0.7452752,0.054595575,35.48387
Bookkeeper,5,76.96372,14.736842,4.7400613,RandomForest,BestFirst,None,Threshold,621.0,31.0,0.0,2.0,0.952454,0.99678975,0.49839488,-0.0057787304,64.51613
Bookkeeper,5,76.96372,14.736842,4.7400613,RandomForest,BestFirst,None,Learning,623.0,31.0,0.0,0.0,0.9525994,1.0,0.6638275,0.0,45.16129
Bookkeeper,5,76.96372,14.736842,4.7400613,RandomForest,BestFirst,Oversampling,None,495.0,12.0,19.0,128.0,0.97633135,0.79454255,0.7994874,0.14667562,35.48387
Bookkeeper,5,76.96372,14.736842,4.7400613,RandomForest,BestFirst,Oversampling,Threshold,590.0,31.0,0.0,33.0,0.9500805,0.9470305,0.47351524,-0.051394124,48.387096
Bookkeeper,5,76.96372,14.736842,4.7400613,RandomForest,BestFirst,Oversampling,Learning,531.0,19.0,12.0,92.0,0.9654545,0.85232747,0.73217523,0.11299822,29.032257
Bookkeeper,5,76.96372,14.736842,4.7400613,RandomForest,BestFirst,Undersampling,None,510.0,18.0,13.0,113.0,0.96590906,0.8186196,0.7218195,0.09689457,32.258064
Bookkeeper,5,76.96372,14.736842,4.7400613,RandomForest,BestFirst,Undersampling,Threshold,590.0,26.0,5.0,33.0,0.9577922,0.9470305,0.5541604,0.09782558,22.580645
Bookkeeper,5,76.96372,14.736842,4.7400613,RandomForest,BestFirst,Undersampling,Learning,393.0,6.0,25.0,230.0,0.9849624,0.6308186,0.77978563,0.098636955,48.387096
Bookkeeper,5,76.96372,14.736842,4.7400613,RandomForest,BestFirst,SMOTE,None,577.0,21.0,10.0,46.0,0.96488297,0.92616373,0.8519132,0.17983752,48.387096
Bookkeeper,5,76.96372,14.736842,4.7400613,RandomForest,BestFirst,SMOTE,Threshold,619.0,30.0,1.0,4.0,0.95377505,0.99357945,0.5129188,0.042954292,64.51613
Bookkeeper,5,76.96372,14.736842,4.7400613,RandomForest,BestFirst,SMOTE,Learning,618.0,31.0,0.0,5.0,0.9522342,0.9919743,0.7286284,-0.013342516,32.258064
Bookkeeper,5,76.96372,14.736842,4.7400613,RandomForest,BackwardSearch,None,None,609.0,29.0,2.0,14.0,0.95454544,0.9775281,0.7452752,0.054595575,35.48387
Bookkeeper,5,76.96372,14.736842,4.7400613,RandomForest,BackwardSearch,None,Threshold,621.0,31.0,0.0,2.0,0.952454,0.99678975,0.49839488,-0.0057787304,64.51613
Bookkeeper,5,76.96372,14.736842,4.7400613,RandomForest,BackwardSearch,None,Learning,623.0,31.0,0.0,0.0,0.9525994,1.0,0.6638275,0.0,45.16129
Bookkeeper,5,76.96372,14.736842,4.7400613,RandomForest,BackwardSearch,Oversampling,None,495.0,12.0,19.0,128.0,0.97633135,0.79454255,0.7994874,0.14667562,35.48387
Bookkeeper,5,76.96372,14.736842,4.7400613,RandomForest,BackwardSearch,Oversampling,Threshold,590.0,31.0,0.0,33.0,0.9500805,0.9470305,0.47351524,-0.051394124,48.387096
Bookkeeper,5,76.96372,14.736842,4.7400613,RandomForest,BackwardSearch,Oversampling,Learning,531.0,19.0,12.0,92.0,0.9654545,0.85232747,0.73217523,0.11299822,29.032257
Bookkeeper,5,76.96372,14.736842,4.7400613,RandomForest,BackwardSearch,Undersampling,None,510.0,18.0,13.0,113.0,0.96590906,0.8186196,0.7218195,0.09689457,32.258064
Bookkeeper,5,76.96372,14.736842,4.7400613,RandomForest,BackwardSearch,Undersampling,Threshold,590.0,26.0,5.0,33.0,0.9577922,0.9470305,0.5541604,0.09782558,22.580645
Bookkeeper,5,76.96372,14.736842,4.7400613,RandomForest,BackwardSearch,Undersampling,Learning,393.0,6.0,25.0,230.0,0.9849624,0.6308186,0.77978563,0.098636955,48.387096
Bookkeeper,5,76.96372,14.736842,4.7400613,RandomForest,BackwardSearch,SMOTE,None,577.0,21.0,10.0,46.0,0.96488297,0.92616373,0.8519132,0.17983752,48.387096
Bookkeeper,5,76.96372,14.736842,4.7400613,RandomForest,BackwardSearch,SMOTE,Threshold,619.0,30.0,1.0,4.0,0.95377505,0.99357945,0.5129188,0.042954292,64.51613
Bookkeeper,5,76.96372,14.736842,4.7400613,RandomForest,BackwardSearch,SMOTE,Learning,618.0,31.0,0.0,5.0,0.9522342,0.9919743,0.7286284,-0.013342516,32.258064
Bookkeeper,5,76.96372,14.736842,4.7400613,IBk,None,None,None,595.0,27.0,4.0,28.0,0.95659167,0.9550562,0.7564335,0.08281911,38.709675
Bookkeeper,5,76.96372,14.736842,4.7400613,IBk,None,None,Threshold,601.0,27.0,4.0,22.0,0.9570064,0.964687,0.5468596,0.101497225,67.741936
Bookkeeper,5,76.96372,14.736842,4.7400613,IBk,None,None,Learning,601.0,27.0,4.0,22.0,0.9570064,0.964687,0.7564335,0.101497225,38.709675
Bookkeeper,5,76.96372,14.736842,4.7400613,IBk,None,Oversampling,None,464.0,14.0,17.0,159.0,0.9707113,0.7447833,0.6721897,0.09098067,25.80645
Bookkeeper,5,76.96372,14.736842,4.7400613,IBk,None,Oversampling,Threshold,491.0,16.0,15.0,132.0,0.96844184,0.788122,0.63599646,0.09791422,25.80645
Bookkeeper,5,76.96372,14.736842,4.7400613,IBk,None,Oversampling,Learning,495.0,14.0,17.0,128.0,0.9724951,0.79454255,0.6959302,0.12482802,22.580645
Bookkeeper,5,76.96372,14.736842,4.7400613,IBk,None,Undersampling,None,468.0,19.0,12.0,155.0,0.9609856,0.75120384,0.64674056,0.04483876,35.48387
Bookkeeper,5,76.96372,14.736842,4.7400613,IBk,None,Undersampling,Threshold,511.0,19.0,12.0,112.0,0.96415097,0.8202247,0.60366076,0.08548067,35.48387
Bookkeeper,5,76.96372,14.736842,4.7400613,IBk,None,Undersampling,Learning,452.0,19.0,12.0,171.0,0.9596603,0.7255217,0.5721017,0.033823185,19.354837
Bookkeeper,5,76.96372,14.736842,4.7400613,IBk,None,SMOTE,None,587.0,27.0,4.0,36.0,0.9560261,0.9422151,0.74993527,0.06261091,35.48387
Bookkeeper,5,76.96372,14.736842,4.7400613,IBk,None,SMOTE,Threshold,595.0,27.0,4.0,28.0,0.95659167,0.9550562,0.5420442,0.08281911,64.51613
Bookkeeper,5,76.96372,14.736842,4.7400613,IBk,None,SMOTE,Learning,615.0,31.0,0.0,8.0,0.95201236,0.9871589,0.7269456,-0.019832067,22.580645
Bookkeeper,5,76.96372,14.736842,4.7400613,IBk,BestFirst,None,None,597.0,24.0,7.0,26.0,0.96135265,0.95826644,0.7849635,0.17859834,41.935482
Bookkeeper,5,76.96372,14.736842,4.7400613,IBk,BestFirst,None,Threshold,604.0,24.0,7.0,19.0,0.96178347,0.9695024,0.5976544,0.21151797,70.96774
Bookkeeper,5,76.96372,14.736842,4.7400613,IBk,BestFirst,None,Learning,604.0,24.0,7.0,19.0,0.96178347,0.9695024,0.7849635,0.21151797,41.935482
Bookkeeper,5,76.96372,14.736842,4.7400613,IBk,BestFirst,Oversampling,None,494.0,15.0,16.0,129.0,0.97053045,0.7929374,0.685212,0.11250165,32.258064
Bookkeeper,5,76.96372,14.736842,4.7400613,IBk,BestFirst,Oversampling,Threshold,503.0,15.0,16.0,120.0,0.97104245,0.80738366,0.66175634,0.12398548,32.258064
Bookkeeper,5,76.96372,14.736842,4.7400613,IBk,BestFirst,Oversampling,Learning,523.0,23.0,8.0,100.0,0.95787543,0.83948636,0.58336353,0.04474528,16.129032
Bookkeeper,5,76.96372,14.736842,4.7400613,IBk,BestFirst,Undersampling,None,472.0,16.0,15.0,151.0,0.9672131,0.7576244,0.69023454,0.07868675,35.48387
Bookkeeper,5,76.96372,14.736842,4.7400613,IBk,BestFirst,Undersampling,Threshold,515.0,16.0,15.0,108.0,0.9698682,0.82664526,0.6552581,0.12884305,35.48387
Bookkeeper,5,76.96372,14.736842,4.7400613,IBk,BestFirst,Undersampling,Learning,410.0,8.0,23.0,213.0,0.98086125,0.6581059,0.70941854,0.09658345,61.290325
Bookkeeper,5,76.96372,14.736842,4.7400613,IBk,BestFirst,SMOTE,None,579.0,21.0,10.0,44.0,0.965,0.929374,0.7939471,0.1862869,35.48387
Bookkeeper,5,76.96372,14.736842,4.7400613,IBk,BestFirst,SMOTE,Threshold,588.0,21.0,10.0,35.0,0.9655172,0.94382024,0.6332004,0.21933751,61.290325
Bookkeeper,5,76.96372,14.736842,4.7400613,IBk,BestFirst,SMOTE,Learning,607.0,28.0,3.0,16.0,0.9559055,0.9743178,0.7484855,0.08711376,25.80645
Bookkeeper,5,76.96372,14.736842,4.7400613,IBk,BackwardSearch,None,None,597.0,24.0,7.0,26.0,0.96135265,0.95826644,0.7849635,0.17859834,41.935482
Bookkeeper,5,76.96372,14.736842,4.7400613,IBk,BackwardSearch,None,Threshold,604.0,24.0,7.0,19.0,0.96178347,0.9695024,0.5976544,0.21151797,70.96774
Bookkeeper,5,76.96372,14.736842,4.7400613,IBk,BackwardSearch,None,Learning,604.0,24.0,7.0,19.0,0.96178347,0.9695024,0.7849635,0.21151797,41.935482
Bookkeeper,5,76.96372,14.736842,4.7400613,IBk,BackwardSearch,Oversampling,None,494.0,15.0,16.0,129.0,0.97053045,0.7929374,0.685212,0.11250165,32.258064
Bookkeeper,5,76.96372,14.736842,4.7400613,IBk,BackwardSearch,Oversampling,Threshold,503.0,15.0,16.0,120.0,0.97104245,0.80738366,0.66175634,0.12398548,32.258064
Bookkeeper,5,76.96372,14.736842,4.7400613,IBk,BackwardSearch,Oversampling,Learning,523.0,23.0,8.0,100.0,0.95787543,0.83948636,0.58336353,0.04474528,16.129032
Bookkeeper,5,76.96372,14.736842,4.7400613,IBk,BackwardSearch,Undersampling,None,472.0,16.0,15.0,151.0,0.9672131,0.7576244,0.69023454,0.07868675,35.48387
Bookkeeper,5,76.96372,14.736842,4.7400613,IBk,BackwardSearch,Undersampling,Threshold,515.0,16.0,15.0,108.0,0.9698682,0.82664526,0.6552581,0.12884305,35.48387
Bookkeeper,5,76.96372,14.736842,4.7400613,IBk,BackwardSearch,Undersampling,Learning,410.0,8.0,23.0,213.0,0.98086125,0.6581059,0.70941854,0.09658345,61.290325
Bookkeeper,5,76.96372,14.736842,4.7400613,IBk,BackwardSearch,SMOTE,None,579.0,21.0,10.0,44.0,0.965,0.929374,0.7939471,0.1862869,35.48387
Bookkeeper,5,76.96372,14.736842,4.7400613,IBk,BackwardSearch,SMOTE,Threshold,588.0,21.0,10.0,35.0,0.9655172,0.94382024,0.6332004,0.21933751,61.290325
Bookkeeper,5,76.96372,14.736842,4.7400613,IBk,BackwardSearch,SMOTE,Learning,607.0,28.0,3.0,16.0,0.9559055,0.9743178,0.7484855,0.08711376,25.80645
